signal,h,mean_ic,t_stat,n_dates,hac_lags,hac_kernel,first_date,last_date
ret_5d,1,-0.01669985406649487,-4.642263201874343,1758,0,uniform,2000-01-03,2006-12-28
ret_20d,1,-0.009106507969804351,-2.5266909339629713,1758,0,uniform,2000-01-03,2006-12-28
mom_12_1,1,0.013550567151333683,3.195052526341233,1758,0,uniform,2000-01-03,2006-12-28
prc_highprc_252d,1,0.00556486298251887,1.253869463247911,1758,0,uniform,2000-01-03,2006-12-28
ivol_capm_21d,1,-0.013176979766979255,-3.02744780001918,1758,0,uniform,2000-01-03,2006-12-28
vol_shock,1,-0.0019004365778513212,-0.9002727714883192,1758,0,uniform,2000-01-03,2006-12-28
rskew_21d,1,0.0007806584645332446,0.4362779402283405,1758,0,uniform,2000-01-03,2006-12-28
rmax1_21d,1,-0.014439305300946947,-3.225893059348931,1758,0,uniform,2000-01-03,2006-12-28
volume_z,1,0.008580938707433093,4.79917403856629,1758,0,uniform,2000-01-03,2006-12-28
qspread_21d,1,0.0012538556655734014,0.5093391878791256,1758,0,uniform,2000-01-03,2006-12-28
overnight_20d,1,0.003094600085938036,1.3360057356472195,1758,0,uniform,2000-01-03,2006-12-28
ma50_gap,1,-0.010550637006807721,-2.8065043267182195,1758,0,uniform,2000-01-03,2006-12-28
earn_next5,1,0.0020039670763326895,1.3975410096182068,1738,0,uniform,2000-01-03,2006-12-28
days_since_earn,1,-0.004559185039311622,-2.5925778830816935,1758,0,uniform,2000-01-03,2006-12-28
var_ratio_60d,1,0.0024168539251025116,1.2953499839165417,1758,0,uniform,2000-01-03,2006-12-28
ret_vol_corr_60d,1,-0.004173055884903551,-1.9761326984448928,1758,0,uniform,2000-01-03,2006-12-28
ret_5d,2,-0.021844250549660833,-4.6306159528323345,1757,1,uniform,2000-01-03,2006-12-27
ret_20d,2,-0.012306079567921633,-2.3194639612971644,1757,1,uniform,2000-01-03,2006-12-27
mom_12_1,2,0.015894632681087525,2.426878634952467,1757,1,uniform,2000-01-03,2006-12-27
prc_highprc_252d,2,0.004097430799651849,0.5965951964259711,1757,1,uniform,2000-01-03,2006-12-27
ivol_capm_21d,2,-0.012200688261621554,-1.840041903644927,1757,1,uniform,2000-01-03,2006-12-27
vol_shock,2,-0.002650327435109204,-0.9649034781515999,1757,1,uniform,2000-01-03,2006-12-27
rskew_21d,2,0.0028514102701962343,1.1357514756279552,1757,1,uniform,2000-01-03,2006-12-27
rmax1_21d,2,-0.013730993298755137,-2.050282429376349,1757,1,uniform,2000-01-03,2006-12-27
volume_z,2,0.008128237666665955,3.956943622018348,1757,1,uniform,2000-01-03,2006-12-27
qspread_21d,2,0.004288855637282019,1.2516415398079481,1757,1,uniform,2000-01-03,2006-12-27
overnight_20d,2,0.0029778860519181177,0.9046588115556545,1757,1,uniform,2000-01-03,2006-12-27
ma50_gap,2,-0.01430510913043235,-2.5614689633830405,1757,1,uniform,2000-01-03,2006-12-27
earn_next5,2,0.004636925230908076,2.419922508476503,1737,1,uniform,2000-01-03,2006-12-27
days_since_earn,2,-0.0051067497646290405,-1.974175176960456,1757,1,uniform,2000-01-03,2006-12-27
var_ratio_60d,2,0.002702481110466306,0.989031617311366,1757,1,uniform,2000-01-03,2006-12-27
ret_vol_corr_60d,2,-0.00529261106679713,-1.7046203883845257,1757,1,uniform,2000-01-03,2006-12-27
ret_5d,3,-0.023321539501908527,-4.449033343245321,1756,2,uniform,2000-01-03,2006-12-26
ret_20d,3,-0.01410810625444375,-2.2609678158206075,1756,2,uniform,2000-01-03,2006-12-26
mom_12_1,3,0.016701942393419184,2.002370771798656,1756,2,uniform,2000-01-03,2006-12-26
prc_highprc_252d,3,0.00273698351122154,0.31621012386890274,1756,2,uniform,2000-01-03,2006-12-26
ivol_capm_21d,3,-0.011009797923014703,-1.3400181442263501,1756,2,uniform,2000-01-03,2006-12-26
vol_shock,3,-0.0033197825620377595,-1.019132542457244,1756,2,uniform,2000-01-03,2006-12-26
rskew_21d,3,0.0033013718539566775,1.108484761445045,1756,2,uniform,2000-01-03,2006-12-26
rmax1_21d,3,-0.012877555632827373,-1.5620167492430388,1756,2,uniform,2000-01-03,2006-12-26
volume_z,3,0.008833665065507266,3.7425942114112924,1756,2,uniform,2000-01-03,2006-12-26
qspread_21d,3,0.006314265042996221,1.4637362911355443,1756,2,uniform,2000-01-03,2006-12-26
overnight_20d,3,0.0017491823424939986,0.44323842981732664,1756,2,uniform,2000-01-03,2006-12-26
ma50_gap,3,-0.016786549695386652,-2.5195244062382924,1756,2,uniform,2000-01-03,2006-12-26
earn_next5,3,0.00627074168705423,2.761325645475669,1736,2,uniform,2000-01-03,2006-12-26
days_since_earn,3,-0.0056291062411132214,-1.7761928592391385,1756,2,uniform,2000-01-03,2006-12-26
var_ratio_60d,3,0.0028855882965937688,0.8520222367795511,1756,2,uniform,2000-01-03,2006-12-26
ret_vol_corr_60d,3,-0.006806029113935316,-1.7934101117083505,1756,2,uniform,2000-01-03,2006-12-26
ret_5d,5,-0.024636067524038945,-4.206931926387778,1754,4,uniform,2000-01-03,2006-12-21
ret_20d,5,-0.015435792103425916,-1.9707395962838863,1754,4,uniform,2000-01-03,2006-12-21
mom_12_1,5,0.015732087527656063,1.4349439147581993,1754,4,uniform,2000-01-03,2006-12-21
prc_highprc_252d,5,0.0006584638123518161,0.05704779031112723,1754,4,uniform,2000-01-03,2006-12-21
ivol_capm_21d,5,-0.009674328131707346,-0.9039372377512089,1754,4,uniform,2000-01-03,2006-12-21
vol_shock,5,-0.0049686300413774006,-1.2930132114199737,1754,4,uniform,2000-01-03,2006-12-21
rskew_21d,5,0.0032402791547146755,0.8698930253845524,1754,4,uniform,2000-01-03,2006-12-21
rmax1_21d,5,-0.01204788142297215,-1.1388451368733674,1754,4,uniform,2000-01-03,2006-12-21
volume_z,5,0.010684240656616823,4.051802429922786,1754,4,uniform,2000-01-03,2006-12-21
qspread_21d,5,0.010292022141377295,1.8018689721541417,1754,4,uniform,2000-01-03,2006-12-21
overnight_20d,5,0.0006134711566220183,0.11922384240415794,1754,4,uniform,2000-01-03,2006-12-21
ma50_gap,5,-0.019744976492858793,-2.325423425313626,1754,4,uniform,2000-01-03,2006-12-21
earn_next5,5,0.00979223398577209,3.246793747290041,1735,4,uniform,2000-01-03,2006-12-20
days_since_earn,5,-0.006101539145569553,-1.5077095571478891,1754,4,uniform,2000-01-03,2006-12-21
var_ratio_60d,5,0.003980706448436914,0.9432784665988094,1754,4,uniform,2000-01-03,2006-12-21
ret_vol_corr_60d,5,-0.009137643682840911,-1.9197567439357561,1754,4,uniform,2000-01-03,2006-12-21
ret_5d,10,-0.020844571942138065,-2.9531413419123083,1749,9,uniform,2000-01-03,2006-12-14
ret_20d,10,-0.016209103934250232,-1.5861812876840224,1749,9,uniform,2000-01-03,2006-12-14
mom_12_1,10,0.011246030694027485,0.7144724119902984,1749,9,uniform,2000-01-03,2006-12-14
prc_highprc_252d,10,-0.0017988233377139648,-0.10715500523858079,1749,9,uniform,2000-01-03,2006-12-14
ivol_capm_21d,10,-0.009627294248742393,-0.6283145793614766,1749,9,uniform,2000-01-03,2006-12-14
vol_shock,10,-0.006059385896532793,-1.370809500638239,1749,9,uniform,2000-01-03,2006-12-14
rskew_21d,10,-0.0016174333891697088,-0.32054118536136517,1749,9,uniform,2000-01-03,2006-12-14
rmax1_21d,10,-0.014955773648634683,-1.0237946429090998,1749,9,uniform,2000-01-03,2006-12-14
volume_z,10,0.007509445014236546,2.7902497136248106,1749,9,uniform,2000-01-03,2006-12-14
qspread_21d,10,0.016199627113535106,1.963003556740139,1749,9,uniform,2000-01-03,2006-12-14
overnight_20d,10,-0.0010741704196988303,-0.15445005896525832,1749,9,uniform,2000-01-03,2006-12-14
ma50_gap,10,-0.024075090437804036,-2.1157272789182375,1749,9,uniform,2000-01-03,2006-12-14
earn_next5,10,0.013505952526790661,4.274932691450902,1731,9,uniform,2000-01-03,2006-12-14
days_since_earn,10,-0.006739519144314493,-1.2841760950600893,1749,9,uniform,2000-01-03,2006-12-14
var_ratio_60d,10,0.004744418629934862,0.8044754132030462,1749,9,uniform,2000-01-03,2006-12-14
ret_vol_corr_60d,10,-0.015374104954379755,-2.3980230577866135,1749,9,uniform,2000-01-03,2006-12-14
