weighting,series,sector,name,dates,share_stressed,share_stressed_while_market_calm,p_stress_given_market_calm,corr_with_market_stress,expected_durations_days,sd_daily,stress_episodes,llf,n_converged,n_starts,thin_dates,median_names
value,relative,10,Energy,1758,0.2804323094425484,0.07736063708759955,0.13682092555331993,0.41682920296437753,"[199.81213618592363, 82.7735798982615]","[0.010334141010464813, 0.02023659866070081]",12,5179.427453134165,24,24,0,26.0
value,relative,15,Materials,1758,0.3043230944254835,0.0608646188850967,0.10764587525150905,0.5629643352719212,"[211.87609076442058, 103.08836205720675]","[0.00660025764610378, 0.016421545255332733]",17,5792.952940816732,24,24,0,34.0
value,relative,20,Industrials,1758,0.40159271899886234,0.09271899886234357,0.16398390342052313,0.6085705439639016,"[203.20020229986346, 142.86860318304525]","[0.003350215150521722, 0.008556262925566027]",16,6821.574260180212,24,24,0,59.0
value,relative,25,Consumer Discretionary,1758,0.36973833902161546,0.05802047781569966,0.10261569416498995,0.6989315763974641,"[214.9091349735889, 130.10324030502002]","[0.003950764206776796, 0.010610697796068817]",13,6563.125185920413,24,24,0,87.0
value,relative,30,Consumer Staples,1758,0.4448236632536974,0.06996587030716724,0.12374245472837023,0.7977249391061288,"[379.27042383572785, 312.3412422715941]","[0.004340392314578124, 0.015009323666294212]",11,6081.404280379607,24,24,0,37.0
value,relative,35,Health Care,1758,0.366325369738339,0.08361774744027303,0.14788732394366197,0.5990921348511783,"[45.305447481652884, 27.305391135283035]","[0.004755432871503614, 0.01549753407206814]",33,6009.836681182796,24,24,0,47.0
value,relative,40,Financials,1758,0.2992036405005688,0.05915813424345848,0.10462776659959759,0.5463577708425676,"[94.01988238283812, 41.7223527954676]","[0.0035682644003013713, 0.012138168065050763]",22,6684.163760246995,24,24,0,81.0
value,relative,45,Information Technology,1758,0.43686006825938567,0.07337883959044368,0.12977867203219315,0.7664952654274911,"[580.7964289729928, 468.84327945593344]","[0.0063869523596627896, 0.019828112372896906]",7,5513.57035842426,24,24,0,78.0
value,relative,50,Communication Services,1758,0.3521046643913538,0.06484641638225255,0.11468812877263582,0.6628227313563101,"[38.437797187972556, 22.85427909151761]","[0.006580027118506992, 0.01726692611916492]",34,5599.978446024223,24,24,0,12.0
value,relative,55,Utilities,1758,0.4101251422070535,0.06370875995449374,0.11267605633802817,0.7671166452744151,"[310.8551399074545, 238.87977284595752]","[0.006707593423062457, 0.017626880900065384]",9,5556.914545880078,24,24,0,37.0
value,raw,10,Energy,1758,0.31456200227531284,0.09556313993174062,0.16901408450704225,0.392733864703436,"[65.89549154887033, 34.43218215598178]","[0.011205919814356586, 0.019862232872684217]",24,5005.2418024234,24,24,0,26.0
value,raw,15,Materials,1758,0.40386803185437997,0.09783845278725825,0.17303822937625754,0.6302458338042595,"[102.04198342522763, 71.52433926642045]","[0.009752802420870076, 0.019180166697999608]",21,5113.190613857771,24,24,0,34.0
value,raw,20,Industrials,1758,0.4283276450511945,0.03128555176336746,0.05533199195171026,0.9227557035557761,"[367.3172338363272, 281.1973530598438]","[0.008008983514157368, 0.017703284023741644]",7,5383.607603959261,24,24,0,59.0
value,raw,25,Consumer Discretionary,1758,0.4118316268486917,0.032423208191126277,0.05734406438631791,0.8895741716417263,"[344.4239074350425, 261.0687258156912]","[0.008430201149932615, 0.018587479734584047]",8,5297.45636165955,24,24,0,87.0
value,raw,30,Consumer Staples,1758,0.3282138794084187,0.03640500568828214,0.06438631790744467,0.7126770489798887,"[382.18765437886503, 207.1513804064638]","[0.006163037239025492, 0.014370420413128452]",9,5939.678537925892,23,24,0,37.0
value,raw,35,Health Care,1758,0.3594994311717861,0.052901023890784986,0.09356136820925554,0.7215470944248752,"[88.58372133654422, 52.19518082935908]","[0.007348148767367474, 0.01728962321311997]",26,5531.685607305301,24,24,0,47.0
value,raw,40,Financials,1758,0.3873720136518771,0.030716723549488054,0.05432595573440644,0.863088866693342,"[211.90905842395298, 133.05149291805182]","[0.008095741248023054, 0.0200291224950945]",12,5341.383343998441,24,24,0,81.0
value,raw,45,Information Technology,1758,0.4778156996587031,0.07281001137656427,0.12877263581488935,0.8586052750248061,"[657.0061478490862, 579.9844142437371]","[0.010883867533157014, 0.030090819149080083]",5,4619.653533125143,23,24,0,78.0
value,raw,50,Communication Services,1758,0.3873720136518771,0.04664391353811149,0.08249496981891348,0.8038196552822527,"[130.7458148330209, 88.93663252760993]","[0.00890195649182239, 0.02276716574055559]",17,5099.511688889939,24,24,0,12.0
value,raw,55,Utilities,1758,0.34072810011376564,0.053469852104664393,0.09456740442655935,0.674781057068998,"[59.6764329833809, 33.16493138143158]","[0.007711187111836055, 0.019262402599632127]",31,5403.726843198243,24,24,0,37.0
equal,relative,10,Energy,1758,0.31285551763367464,0.10409556313993173,0.1841046277665996,0.369464317682867,"[126.11841771861317, 61.48698341441584]","[0.012440427822925447, 0.021905108640390306]",16,4860.604204911193,24,24,0,26.0
equal,relative,15,Materials,1758,0.3435722411831627,0.08361774744027303,0.14788732394366197,0.5431642361864308,"[181.04929562166203, 101.37677573863012]","[0.006339134219323496, 0.014479951605675436]",15,5855.800257645686,24,24,0,34.0
equal,relative,20,Industrials,1758,0.34812286689419797,0.06882821387940842,0.12173038229376258,0.6248306851277883,"[155.95063996592958, 89.09998278289761]","[0.0038384345502203354, 0.008622559472565891]",15,6737.925926938589,24,24,0,59.0
equal,relative,25,Consumer Discretionary,1758,0.350967007963595,0.07736063708759955,0.13682092555331993,0.5827536249186791,"[138.4686569541192, 77.33106534191046]","[0.00406828417773827, 0.009939893636807366]",14,6584.013760718557,24,24,0,87.0
equal,relative,30,Consumer Staples,1758,0.44197952218430037,0.0745164960182025,0.1317907444668008,0.7765497042003375,"[247.26172099554694, 193.76018862905616]","[0.004207708621277112, 0.01391800980051197]",9,6181.915237756257,24,24,0,37.0
equal,relative,35,Health Care,1758,0.4812286689419795,0.09897610921501707,0.1750503018108652,0.757858977427601,"[104.018127543136, 95.32632362121284]","[0.004107837328993153, 0.011561960337939312]",16,6238.56778426501,24,24,0,47.0
equal,relative,40,Financials,1758,0.2627986348122867,0.04379977246871445,0.07746478873239436,0.5430043012356233,"[137.82794335922515, 52.89336635132951]","[0.003721880045714213, 0.012938858565615864]",18,6691.822419640111,24,24,0,81.0
equal,relative,45,Information Technology,1758,0.45449374288964733,0.09271899886234357,0.16398390342052313,0.7231422637007824,"[378.5214212732459, 317.2340589475236]","[0.008033628490793072, 0.022379184210458217]",7,5158.253070296774,24,24,0,78.0
equal,relative,50,Communication Services,1758,0.3435722411831627,0.06598407281001138,0.11670020120724346,0.6534921286881994,"[44.828540655896305, 26.0653920111557]","[0.006420893452817883, 0.019999219587109922]",29,5532.765583184631,24,24,0,12.0
equal,relative,55,Utilities,1758,0.4840728100113766,0.0676905574516496,0.11971830985915492,0.8789646026743082,"[1319.9585410024263, 1280.041044377512]","[0.006206605767979753, 0.017107804761122312]",4,5565.247827578257,24,24,0,37.0
equal,raw,10,Energy,1758,0.5255972696245734,0.21729237770193402,0.3843058350100604,0.3930449378376504,"[118.19241651016534, 135.33977269774266]","[0.012687377287669055, 0.01968627400724037]",20,4745.201043086338,24,24,0,26.0
equal,raw,15,Materials,1758,0.3464163822525597,0.08418657565415244,0.1488933601609658,0.5772862332108194,"[93.6833296304936, 53.101320503964146]","[0.009915277481666018, 0.018389395843583664]",20,5180.136295593382,24,24,0,34.0
equal,raw,20,Industrials,1758,0.31569965870307165,0.022753128555176336,0.04024144869215292,0.7961644444257414,"[103.9029569172716, 54.76716012166968]","[0.008574492755984755, 0.017578254962725248]",21,5394.573888529881,24,24,0,59.0
equal,raw,25,Consumer Discretionary,1758,0.28896473265073946,0.005119453924914676,0.009054325955734407,0.7811348515583522,"[226.24557622171457, 98.68639391877346]","[0.008903584955264986, 0.01905773486466921]",8,5385.847789196224,24,24,0,87.0
equal,raw,30,Consumer Staples,1758,0.2627986348122867,0.015358361774744027,0.02716297786720322,0.700294942883856,"[256.15037786715124, 102.8126939794333]","[0.006150070409961396, 0.014017792035593831]",15,6036.483271821369,24,24,0,37.0
equal,raw,35,Health Care,1758,0.27417519908987487,0.027303754266211604,0.0482897384305835,0.70433587056036,"[109.2906196344808, 47.01760325572888]","[0.007747943240667407, 0.016793960288556162]",21,5600.565231285933,24,24,0,47.0
equal,raw,40,Financials,1758,0.36177474402730375,0.03185437997724687,0.056338028169014086,0.8017284925695494,"[242.4976799612455, 142.19249984791725]","[0.007965416463941418, 0.01947288762551476]",10,5407.801958233479,24,24,0,81.0
equal,raw,45,Information Technology,1758,0.4778156996587031,0.0676905574516496,0.11971830985915492,0.8772854244820932,"[636.2610494052027, 563.6189928592864]","[0.012855627636201902, 0.03259444290482144]",5,4394.436878505736,24,24,0,78.0
equal,raw,50,Communication Services,1758,0.5301478953356087,0.09726962457337884,0.1720321931589537,0.8625241731247342,"[1356.7308323632801, 1403.9965258844084]","[0.008252101106705496, 0.023808873064663838]",4,4972.131650820902,24,24,0,12.0
equal,raw,55,Utilities,1758,0.2724687144482366,0.03640500568828214,0.06438631790744467,0.6422683535450396,"[42.44648601946206, 18.088647811482208]","[0.008053290443366317, 0.02180431938156057]",33,5352.444186133276,24,24,0,37.0
