rank,formula,trexsim,fitness_ir_over_sqrt_tvr,annualized_ir,ir_daily_vs_platform_0.07,net_ir,annualized_return,tvr,max_drawdown,numstk,valid_ir,valid_ir_over_sqrt_tvr,survives_oos,qualifies,max_corr,seed,terminals,days
0,"ts_sum(ts_delta(cs_zscore(add(add(ts_mean(ts_corr(signlog(dv_adv), ts_max(dv_adv, w20), w_id(w5)), w5), beta60), cs_zscore(add(ts_mean(ts_decay(dv_adv, w60), w_id(w20)), beta60)))), w20), w60)","ts_sum((cs_zscore(((ts_mean(ts_corr_binary(at_signlog(((close * volume) / at_zero2nan(ts_mean(close * volume, 60)))), ts_max(((close * volume) / at_zero2nan(ts_mean(close * volume, 60))), 20), 5), 5) + ts_corr_binary(ret1, ret1_spx, 60)) + cs_zscore((ts_mean(ts_mean_exp(((close * volume) / at_zero2nan(ts_mean(close * volume, 60))), 60, 0.5), 20) + ts_corr_binary(ret1, ret1_spx, 60))))) - ts_delay(cs_zscore(((ts_mean(ts_corr_binary(at_signlog(((close * volume) / at_zero2nan(ts_mean(close * volume, 60)))), ts_max(((close * volume) / at_zero2nan(ts_mean(close * volume, 60))), 20), 5), 5) + ts_corr_binary(ret1, ret1_spx, 60)) + cs_zscore((ts_mean(ts_mean_exp(((close * volume) / at_zero2nan(ts_mean(close * volume, 60))), 60, 0.5), 20) + ts_corr_binary(ret1, ret1_spx, 60))))), 20)), 60)",14.6816,3.2829,0.2068,3.268,0.3857,0.0484,0.0379,0.4,-2.396,-4.9996,False,False,0.0,0,"beta60,c_ma60,co,dv_adv,hl,ret1,ret20,v_ma20,vol20",104
1,"sub(ts_mean(ts_mean(signlog(ts_mean(signlog(ts_corr(ts_min(ret5, w60), cs_zscore(dv_adv), w5)), w_id(w60))), w_id(w_id(w60))), w_id(w_id(w60))), ts_mean(signlog(ts_mean(signlog(dv_adv), w_id(w60))), w_id(w_id(w60))))","(ts_mean(ts_mean(at_signlog(ts_mean(at_signlog(ts_corr_binary(ts_min(ret5, 60), cs_zscore(((close * volume) / at_zero2nan(ts_mean(close * volume, 60)))), 5)), 60)), 60), 60) - ts_mean(at_signlog(ts_mean(at_signlog(((close * volume) / at_zero2nan(ts_mean(close * volume, 60)))), 60)), 60))",13.2818,2.9699,0.1871,2.9655,0.4314,0.0138,0.0553,0.4,-1.5309,-6.8464,False,False,0.3085,9,"beta60,c_ma60,dv_adv,gap,ret1,ret20,ret5,size,v_ma20",120
2,"sub(ts_mean(signlog(ts_mean(signlog(ts_corr(ts_min(ret5, w60), cs_zscore(cs_zscore(v_ma20)), w5)), w_id(w_id(w60)))), w_id(w_id(w_id(w_id(w60))))), ts_sum(ts_std(signlog(v_ma20), w_id(w60)), w_id(w_id(w10))))","(ts_mean(at_signlog(ts_mean(at_signlog(ts_corr_binary(ts_min(ret5, 60), cs_zscore(cs_zscore((volume / at_zero2nan(ts_mean(volume, 20))))), 5)), 60)), 60) - ts_sum(ts_std(at_signlog((volume / at_zero2nan(ts_mean(volume, 20)))), 60), 10))",11.4963,2.6011,0.1639,2.5738,0.2883,0.0512,0.0296,0.4,-1.8405,-6.6678,False,False,0.4432,9,"beta60,c_ma60,dv_adv,gap,ret1,ret20,ret5,size,v_ma20",121
3,"ts_sum(ts_delta(cs_zscore(add(add(ts_mean(ts_corr(signlog(dv_adv), ts_max(dv_adv, w20), w5), w_id(w5)), ret1), cs_zscore(ts_min(ts_delta(co, w5), w20)))), w10), w60)","ts_sum((cs_zscore(((ts_mean(ts_corr_binary(at_signlog(((close * volume) / at_zero2nan(ts_mean(close * volume, 60)))), ts_max(((close * volume) / at_zero2nan(ts_mean(close * volume, 60))), 20), 5), 5) + ret1) + cs_zscore(ts_min((((close - open) / at_zero2nan(open)) - ts_delay(((close - open) / at_zero2nan(open)), 5)), 20)))) - ts_delay(cs_zscore(((ts_mean(ts_corr_binary(at_signlog(((close * volume) / at_zero2nan(ts_mean(close * volume, 60)))), ts_max(((close * volume) / at_zero2nan(ts_mean(close * volume, 60))), 20), 5), 5) + ret1) + cs_zscore(ts_min((((close - open) / at_zero2nan(open)) - ts_delay(((close - open) / at_zero2nan(open)), 5)), 20)))), 10)), 60)",10.2384,2.2894,0.1442,2.2767,0.2923,0.0299,0.0461,0.6,-1.0118,-2.4927,False,False,0.4997,0,"beta60,c_ma60,co,dv_adv,hl,ret1,ret20,v_ma20,vol20",165
4,"ts_mean(ts_zscore(sub(ts_min(ts_corr(ts_corr(stoch, hl, w_id(w_id(w10))), ts_min(dv_adv, w60), w_id(w60)), w20), sub(sub(add(sub(ts_min(dv_adv, w60), ret20), ts_min(dv_adv, w60)), ts_decay(ts_min(beta60, w_id(w20)), w_id(w_id(w20)))), ts_decay(ts_min(beta60, w10), w_id(w5)))), w_id(w_id(w20))), w_id(w_id(w_id(w_id(w60)))))","ts_mean(ts_zscore((ts_min(ts_corr_binary(ts_corr_binary(((close - ts_min(low, 20)) / at_zero2nan(ts_max(high, 20) - ts_min(low, 20))), (high / at_zero2nan(low)), 10), ts_min(((close * volume) / at_zero2nan(ts_mean(close * volume, 60))), 60), 60), 20) - ((((ts_min(((close * volume) / at_zero2nan(ts_mean(close * volume, 60))), 60) - ret20) + ts_min(((close * volume) / at_zero2nan(ts_mean(close * volume, 60))), 60)) - ts_mean_exp(ts_min(ts_corr_binary(ret1, ret1_spx, 60), 20), 20, 0.5)) - ts_mean_exp(ts_min(ts_corr_binary(ret1, ret1_spx, 60), 10), 5, 0.5))), 20), 60)",7.758,1.9154,0.1207,1.6333,0.0261,0.061,0.0114,313.7,-0.6445,-2.5898,False,False,0.1402,16,"beta60,co,dv_adv,gap,hl,ret1,ret20,stoch,v_ma20",1655
5,"ts_mean(ts_zscore(sub(signlog(ts_min(ts_corr(ts_corr(stoch, hl, w_id(w60)), ts_min(ts_median(dv_adv, w20), w60), w_id(w60)), w_id(w20))), sub(sub(add(sub(ts_min(dv_adv, w60), ret20), signlog(ret20)), ts_decay(ts_min(beta60, w_id(w20)), w_id(w_id(w20)))), ts_decay(ts_min(beta60, w60), w_id(w5)))), w_id(w_id(w20))), w_id(w_id(w_id(w60))))","ts_mean(ts_zscore((at_signlog(ts_min(ts_corr_binary(ts_corr_binary(((close - ts_min(low, 20)) / at_zero2nan(ts_max(high, 20) - ts_min(low, 20))), (high / at_zero2nan(low)), 60), ts_min(ts_median(((close * volume) / at_zero2nan(ts_mean(close * volume, 60))), 20), 60), 60), 20)) - ((((ts_min(((close * volume) / at_zero2nan(ts_mean(close * volume, 60))), 60) - ret20) + at_signlog(ret20)) - ts_mean_exp(ts_min(ts_corr_binary(ret1, ret1_spx, 60), 20), 20, 0.5)) - ts_mean_exp(ts_min(ts_corr_binary(ret1, ret1_spx, 60), 60), 5, 0.5))), 20), 60)",7.5868,1.7844,0.1124,1.5301,0.0245,0.0553,0.0167,311.9,-0.5451,-2.3078,False,False,0.3163,16,"beta60,co,dv_adv,gap,hl,ret1,ret20,stoch,v_ma20",1646
6,"ts_median(mul(add(div(signlog(signlog(c_ma60)), dv_adv), mul(add(ts_zscore(beta60, w60), ts_max(c_ma60, w_id(w5))), mul(v_ma20, beta60))), ts_max(ts_corr(size, signsqrt(add(v_ma20, c_ma60)), w60), w_id(w_id(w_id(w60))))), w60)","ts_median((((at_signlog(at_signlog((close / at_zero2nan(ts_mean(close, 60))))) / at_zero2nan(((close * volume) / at_zero2nan(ts_mean(close * volume, 60))))) + ((ts_zscore(ts_corr_binary(ret1, ret1_spx, 60), 60) + ts_max((close / at_zero2nan(ts_mean(close, 60))), 5)) * ((volume / at_zero2nan(ts_mean(volume, 20))) * ts_corr_binary(ret1, ret1_spx, 60)))) * ts_max(ts_corr_binary((cs_rank(ts_mean(close * volume, 60)) - 1), at_signsqrt(((volume / at_zero2nan(ts_mean(volume, 20))) + (close / at_zero2nan(ts_mean(close, 60))))), 60), 60)), 60)",7.5586,1.6902,0.1065,1.4796,0.023,0.0454,0.0188,311.6,-0.5683,-2.5414,False,False,0.2187,7,"beta60,c_ma20,c_ma60,dv_adv,gap,hl,ret20,size,v_ma20",1644
7,"add(ts_delay(ts_mean(cs_zscore(ts_corr(co, co, w_id(w5))), w20), w60), ts_delay(ts_mean(cs_zscore(ts_mean(ts_skew(ret20, w20), w_id(w_id(w60)))), w_id(w60)), w5))","(ts_delay(ts_mean(cs_zscore(ts_corr_binary(((close - open) / at_zero2nan(open)), ((close - open) / at_zero2nan(open)), 5)), 20), 60) + ts_delay(ts_mean(cs_zscore(ts_mean(ts_skew(ret20, 20), 60)), 60), 5))",7.4962,1.6762,0.1056,1.4573,0.0227,0.0471,0.0166,321.2,-0.1695,-0.7581,False,False,0.099,21,"c_ma60,co,dv_adv,hl,ret1,ret20,size,stoch,v_ma20",1688
8,"ts_sum(ts_std(ts_max(ts_max(ts_delay(mul(c_ma60, ts_skew(mul(c_ma60, gap), w20)), w_id(w_id(w_id(w60)))), w_id(w10)), w_id(w20)), w_id(w_id(w_id(w60)))), w_id(w_id(w60)))","ts_sum(ts_std(ts_max(ts_max(ts_delay(((close / at_zero2nan(ts_mean(close, 60))) * ts_skew(((close / at_zero2nan(ts_mean(close, 60))) * ((open - ts_delay(close, 1)) / at_zero2nan(ts_delay(close, 1)))), 20)), 60), 10), 20), 60), 60)",7.2042,1.6109,0.1015,1.525,0.0273,0.0231,0.0171,303.0,0.5755,2.5736,True,True,0.0732,15,"beta60,c_ma60,co,gap,ret1,ret20,size,v_ma20,vol20",1591
9,"ts_sum(ts_std(ts_max(ts_delay(mul(mul(ts_delta(vol20, w10), ts_zscore(co, w60)), mul(ts_zscore(c_ma60, w5), gap)), w60), w_id(w_id(w60))), w_id(w5)), w_id(w_id(w_id(w_id(w60)))))","ts_sum(ts_std(ts_max(ts_delay((((ts_std(ret1, 20) - ts_delay(ts_std(ret1, 20), 10)) * ts_zscore(((close - open) / at_zero2nan(open)), 60)) * (ts_zscore((close / at_zero2nan(ts_mean(close, 60))), 5) * ((open - ts_delay(close, 1)) / at_zero2nan(ts_delay(close, 1))))), 60), 60), 5), 60)",7.067,1.5802,0.0995,1.5474,0.0994,0.0329,0.0477,306.8,0.506,2.263,True,True,0.2718,15,"beta60,c_ma60,co,gap,ret1,ret20,size,v_ma20,vol20",1611
10,"ts_std(ts_median(add(ts_delta(c_ma20, w10), add(sub(ts_min(ts_decay(ts_delta(beta60, w10), w_id(w60)), w60), ts_min(neg(c_ma20), w60)), add(signlog(ts_min(ts_delta(beta60, w10), w10)), c_ma20))), w_id(w60)), w_id(w_id(w60)))","ts_std(ts_median((((close / at_zero2nan(ts_mean(close, 20))) - ts_delay((close / at_zero2nan(ts_mean(close, 20))), 10)) + ((ts_min(ts_mean_exp((ts_corr_binary(ret1, ret1_spx, 60) - ts_delay(ts_corr_binary(ret1, ret1_spx, 60), 10)), 60, 0.5), 60) - ts_min(-((close / at_zero2nan(ts_mean(close, 20)))), 60)) + (at_signlog(ts_min((ts_corr_binary(ret1, ret1_spx, 60) - ts_delay(ts_corr_binary(ret1, ret1_spx, 60), 10)), 10)) + (close / at_zero2nan(ts_mean(close, 20)))))), 60), 60)",6.7953,1.564,0.0985,1.4111,0.0341,0.053,0.033,305.8,0.6471,2.7791,True,True,0.2676,22,"beta60,c_ma20,c_ma60,co,gap,hl,ret1,ret5,vol20",1605
11,"mul(add(size, ts_decay(add(neg(size), ts_decay(add(add(sub(size, co), size), add(mul(stoch, stoch), size)), w_id(w_id(w10)))), w_id(w60))), ts_min(mul(ts_skew(ts_decay(add(stoch, size), w60), w5), ts_skew(neg(size), w_id(w_id(w_id(w5))))), w_id(w60)))","(((cs_rank(ts_mean(close * volume, 60)) - 1) + ts_mean_exp((-((cs_rank(ts_mean(close * volume, 60)) - 1)) + ts_mean_exp(((((cs_rank(ts_mean(close * volume, 60)) - 1) - ((close - open) / at_zero2nan(open))) + (cs_rank(ts_mean(close * volume, 60)) - 1)) + ((((close - ts_min(low, 20)) / at_zero2nan(ts_max(high, 20) - ts_min(low, 20))) * ((close - ts_min(low, 20)) / at_zero2nan(ts_max(high, 20) - ts_min(low, 20)))) + (cs_rank(ts_mean(close * volume, 60)) - 1))), 10, 0.5)), 60, 0.5)) * ts_min((ts_skew(ts_mean_exp((((close - ts_min(low, 20)) / at_zero2nan(ts_max(high, 20) - ts_min(low, 20))) + (cs_rank(ts_mean(close * volume, 60)) - 1)), 60, 0.5), 5) * ts_skew(-((cs_rank(ts_mean(close * volume, 60)) - 1)), 5)), 60))",6.4375,1.4395,0.0907,1.2217,0.0207,0.0496,0.0124,322.6,0.6693,2.993,True,True,0.2238,27,"beta60,c_ma20,c_ma60,co,dv_adv,ret1,size,stoch,vol20",1691
12,"neg(ts_sum(ts_std(ts_min(ts_corr(sub(ret20, size), stoch, w5), w_id(w_id(w_id(w_id(w10))))), w_id(w_id(w60))), w20))","-(ts_sum(ts_std(ts_min(ts_corr_binary((ret20 - (cs_rank(ts_mean(close * volume, 60)) - 1)), ((close - ts_min(low, 20)) / at_zero2nan(ts_max(high, 20) - ts_min(low, 20))), 5), 10), 60), 20))",6.2549,1.3986,0.0881,1.1736,0.0175,0.0448,0.0118,325.6,1.187,5.3084,True,True,0.1248,14,"c_ma20,c_ma60,co,dv_adv,gap,ret20,ret5,size,stoch",1708
13,"ts_decay(mul(add(ret5, ts_corr(ts_median(neg(ret20), w_id(w60)), c_ma20, w60)), neg(stoch)), w_id(w_id(w_id(w20))))","ts_mean_exp(((ret5 + ts_corr_binary(ts_median(-(ret20), 60), (close / at_zero2nan(ts_mean(close, 20))), 60)) * -(((close - ts_min(low, 20)) / at_zero2nan(ts_max(high, 20) - ts_min(low, 20))))), 20, 0.5)",6.1563,1.7089,0.1077,1.3783,0.0251,0.0771,0.0212,323.1,0.0351,0.127,True,True,0.0999,5,"beta60,c_ma20,dv_adv,gap,hl,ret1,ret20,ret5,stoch",1693
14,"sub(ts_max(ts_mean(ts_max(ts_corr(sub(ts_mean(vol20, w20), ts_zscore(vol20, w_id(w10))), ret20, w60), w10), w_id(w20)), w_id(w_id(w_id(w5)))), c_ma20)","(ts_max(ts_mean(ts_max(ts_corr_binary((ts_mean(ts_std(ret1, 20), 20) - ts_zscore(ts_std(ret1, 20), 10)), ret20, 60), 10), 20), 5) - (close / at_zero2nan(ts_mean(close, 20))))",5.8182,1.3828,0.0871,1.1394,0.0202,0.0565,0.0169,324.2,0.6855,2.5856,True,True,0.2142,26,"beta60,c_ma20,co,hl,ret20,size,stoch,v_ma20,vol20",1699
15,"sub(ts_min(ts_min(ts_min(ts_zscore(ts_min(ts_min(ts_zscore(ret5, w60), w20), w10), w60), w60), w5), w60), cs_zscore(ts_decay(cs_zscore(add(ts_decay(stoch, w5), cs_rank(cs_rank(size)))), w5)))","(ts_min(ts_min(ts_min(ts_zscore(ts_min(ts_min(ts_zscore(ret5, 60), 20), 10), 60), 60), 5), 60) - cs_zscore(ts_mean_exp(cs_zscore((ts_mean_exp(((close - ts_min(low, 20)) / at_zero2nan(ts_max(high, 20) - ts_min(low, 20))), 5, 0.5) + (cs_rank((cs_rank((cs_rank(ts_mean(close * volume, 60)) - 1)) - 1)) - 1))), 5, 0.5)))",5.8093,1.4532,0.0915,1.1695,0.0202,0.0626,0.0112,310.7,0.3857,1.5278,True,True,0.3345,18,"c_ma20,c_ma60,co,gap,ret1,ret20,ret5,size,stoch",1630
16,"ts_decay(sub(ts_median(cs_rank(ts_std(ts_max(div(ts_decay(gap, w20), ts_sum(dv_adv, w60)), w60), w60)), w_id(w_id(w_id(w_id(w5))))), signsqrt(stoch)), w_id(w_id(w20)))","ts_mean_exp((ts_median((cs_rank(ts_std(ts_max((ts_mean_exp(((open - ts_delay(close, 1)) / at_zero2nan(ts_delay(close, 1))), 20, 0.5) / at_zero2nan(ts_sum(((close * volume) / at_zero2nan(ts_mean(close * volume, 60))), 60))), 60), 60)) - 1), 5) - at_signsqrt(((close - ts_min(low, 20)) / at_zero2nan(ts_max(high, 20) - ts_min(low, 20))))), 20, 0.5)",5.7914,1.3094,0.0825,1.1164,0.0219,0.0511,0.0173,317.2,0.7086,3.1691,True,True,0.3146,12,"beta60,c_ma60,dv_adv,gap,hl,ret1,ret20,size,stoch",1663
17,"ts_decay(sub(ts_median(cs_rank(ts_std(ts_max(signlog(add(dv_adv, c_ma60)), w60), w60)), w_id(w_id(w_id(w_id(w_id(w20)))))), signsqrt(stoch)), w_id(w_id(w10)))","ts_mean_exp((ts_median((cs_rank(ts_std(ts_max(at_signlog((((close * volume) / at_zero2nan(ts_mean(close * volume, 60))) + (close / at_zero2nan(ts_mean(close, 60))))), 60), 60)) - 1), 20) - at_signsqrt(((close - ts_min(low, 20)) / at_zero2nan(ts_max(high, 20) - ts_min(low, 20))))), 10, 0.5)",5.7301,1.3781,0.0868,1.1193,0.0194,0.0578,0.0198,316.6,1.3915,5.9924,True,True,0.4212,12,"beta60,c_ma60,dv_adv,gap,hl,ret1,ret20,size,stoch",1660
18,"ts_sum(neg(signlog(ts_corr(ret20, sub(ts_corr(ts_skew(beta60, w10), signsqrt(dv_adv), w_id(w60)), sub(neg(ts_delay(c_ma20, w20)), ts_decay(signsqrt(dv_adv), w20))), w_id(w_id(w60))))), w_id(w_id(w_id(w10))))","ts_sum(-(at_signlog(ts_corr_binary(ret20, (ts_corr_binary(ts_skew(ts_corr_binary(ret1, ret1_spx, 60), 10), at_signsqrt(((close * volume) / at_zero2nan(ts_mean(close * volume, 60)))), 60) - (-(ts_delay((close / at_zero2nan(ts_mean(close, 20))), 20)) - ts_mean_exp(at_signsqrt(((close * volume) / at_zero2nan(ts_mean(close * volume, 60)))), 20, 0.5))), 60))), 10)",5.6693,1.4073,0.0887,1.1148,0.0187,0.0616,0.0165,317.5,1.0981,4.4288,True,True,0.1098,3,"beta60,c_ma20,c_ma60,co,dv_adv,gap,ret1,ret20,ret5",1665
19,"add(ts_mean(sub(ts_corr(sub(add(neg(stoch), gap), ts_delay(dv_adv, w20)), ts_corr(ts_mean(beta60, w60), gap, w10), w10), ts_zscore(c_ma20, w_id(w5))), w10), ts_mean(sub(ts_mean(sub(ts_corr(vol20, ts_zscore(c_ma20, w10), w10), ts_zscore(dv_adv, w60)), w_id(w5)), sub(vol20, ts_delay(dv_adv, w10))), w_id(w_id(w20))))","(ts_mean((ts_corr_binary(((-(((close - ts_min(low, 20)) / at_zero2nan(ts_max(high, 20) - ts_min(low, 20)))) + ((open - ts_delay(close, 1)) / at_zero2nan(ts_delay(close, 1)))) - ts_delay(((close * volume) / at_zero2nan(ts_mean(close * volume, 60))), 20)), ts_corr_binary(ts_mean(ts_corr_binary(ret1, ret1_spx, 60), 60), ((open - ts_delay(close, 1)) / at_zero2nan(ts_delay(close, 1))), 10), 10) - ts_zscore((close / at_zero2nan(ts_mean(close, 20))), 5)), 10) + ts_mean((ts_mean((ts_corr_binary(ts_std(ret1, 20), ts_zscore((close / at_zero2nan(ts_mean(close, 20))), 10), 10) - ts_zscore(((close * volume) / at_zero2nan(ts_mean(close * volume, 60))), 60)), 5) - (ts_std(ret1, 20) - ts_delay(((close * volume) / at_zero2nan(ts_mean(close * volume, 60))), 10))), 20))",5.5962,2.5279,0.1592,1.6392,0.0366,0.2041,0.0102,322.4,0.5593,1.2397,True,True,0.2052,2,"beta60,c_ma20,c_ma60,dv_adv,gap,ret1,ret20,stoch,vol20",1690
20,"sub(ts_mean(ts_max(signlog(ts_delay(ts_corr(beta60, stoch, w20), w_id(w10))), w_id(w20)), w60), signlog(c_ma20))","(ts_mean(ts_max(at_signlog(ts_delay(ts_corr_binary(ts_corr_binary(ret1, ret1_spx, 60), ((close - ts_min(low, 20)) / at_zero2nan(ts_max(high, 20) - ts_min(low, 20))), 20), 10)), 20), 60) - at_signlog((close / at_zero2nan(ts_mean(close, 20)))))",5.5468,1.3039,0.0821,1.072,0.0196,0.0553,0.0198,319.3,0.4665,1.8683,True,True,0.1468,26,"beta60,c_ma20,co,hl,ret20,size,stoch,v_ma20,vol20",1674
21,"sub(neg(ts_decay(ts_zscore(add(c_ma20, ts_max(c_ma60, w60)), w_id(w10)), w20)), ts_decay(cs_rank(add(ts_zscore(ts_std(ts_delta(c_ma60, w60), w_id(w_id(w20))), w_id(w60)), ts_decay(stoch, w20))), w10))","(-(ts_mean_exp(ts_zscore(((close / at_zero2nan(ts_mean(close, 20))) + ts_max((close / at_zero2nan(ts_mean(close, 60))), 60)), 10), 20, 0.5)) - ts_mean_exp((cs_rank((ts_zscore(ts_std(((close / at_zero2nan(ts_mean(close, 60))) - ts_delay((close / at_zero2nan(ts_mean(close, 60))), 60)), 20), 60) + ts_mean_exp(((close - ts_min(low, 20)) / at_zero2nan(ts_max(high, 20) - ts_min(low, 20))), 20, 0.5))) - 1), 10, 0.5))",5.0694,2.2589,0.1423,1.4969,0.0371,0.1985,0.0191,310.6,1.1957,2.7006,True,True,0.3202,28,"c_ma20,c_ma60,co,gap,ret20,ret5,stoch,v_ma20,vol20",1629
22,"sub(sub(sub(signlog(ts_decay(neg(beta60), w60)), neg(sub(stoch, size))), mul(ts_std(mul(ts_std(dv_adv, w60), cs_zscore(stoch)), w60), cs_zscore(stoch))), cs_zscore(cs_zscore(size)))","(((at_signlog(ts_mean_exp(-(ts_corr_binary(ret1, ret1_spx, 60)), 60, 0.5)) - -((((close - ts_min(low, 20)) / at_zero2nan(ts_max(high, 20) - ts_min(low, 20))) - (cs_rank(ts_mean(close * volume, 60)) - 1)))) - (ts_std((ts_std(((close * volume) / at_zero2nan(ts_mean(close * volume, 60))), 60) * cs_zscore(((close - ts_min(low, 20)) / at_zero2nan(ts_max(high, 20) - ts_min(low, 20))))), 60) * cs_zscore(((close - ts_min(low, 20)) / at_zero2nan(ts_max(high, 20) - ts_min(low, 20)))))) - cs_zscore(cs_zscore((cs_rank(ts_mean(close * volume, 60)) - 1))))",5.0662,1.6169,0.1019,1.3134,0.0338,0.1019,0.0172,324.8,1.8869,5.9878,True,True,0.4026,19,"beta60,c_ma20,c_ma60,co,dv_adv,hl,ret20,size,stoch",1702
23,"ts_corr(ts_max(div(ts_mean(vol20, w60), vol20), w_id(w_id(w60))), ts_decay(ts_decay(vol20, w60), w60), w60)","ts_corr_binary(ts_max((ts_mean(ts_std(ret1, 20), 60) / at_zero2nan(ts_std(ret1, 20))), 60), ts_mean_exp(ts_mean_exp(ts_std(ret1, 20), 60, 0.5), 60, 0.5), 60)",4.8719,1.318,0.083,0.9895,0.0185,0.0732,0.0159,315.8,0.1287,0.4561,True,True,0.1255,10,"beta60,co,hl,ret1,ret5,size,stoch,v_ma20,vol20",1664
24,"add(ts_decay(sub(ts_mean(ts_zscore(beta60, w60), w_id(w_id(w60))), add(stoch, ret5)), w5), neg(mul(stoch, mul(cs_zscore(beta60), ts_min(ret5, w60)))))","(ts_mean_exp((ts_mean(ts_zscore(ts_corr_binary(ret1, ret1_spx, 60), 60), 60) - (((close - ts_min(low, 20)) / at_zero2nan(ts_max(high, 20) - ts_min(low, 20))) + ret5)), 5, 0.5) + -((((close - ts_min(low, 20)) / at_zero2nan(ts_max(high, 20) - ts_min(low, 20))) * (cs_zscore(ts_corr_binary(ret1, ret1_spx, 60)) * ts_min(ret5, 60)))))",4.7999,1.3342,0.084,1.0515,0.023,0.0773,0.0198,318.9,-0.1405,-0.4679,False,False,0.3882,6,"beta60,c_ma20,dv_adv,gap,ret1,ret20,ret5,stoch,v_ma20",1672
25,"sub(ts_mean(sub(ts_zscore(div(div(neg(stoch), ts_mean(cs_rank(vol20), w20)), ts_mean(ts_mean(add(stoch, size), w_id(w10)), w20)), w10), size), w10), cs_rank(add(stoch, add(add(ts_skew(ts_median(co, w20), w_id(w60)), add(size, ret5)), ts_min(ts_mean(ts_mean(ts_mean(size, w10), w20), w20), w20)))))","(ts_mean((ts_zscore(((-(((close - ts_min(low, 20)) / at_zero2nan(ts_max(high, 20) - ts_min(low, 20)))) / at_zero2nan(ts_mean((cs_rank(ts_std(ret1, 20)) - 1), 20))) / at_zero2nan(ts_mean(ts_mean((((close - ts_min(low, 20)) / at_zero2nan(ts_max(high, 20) - ts_min(low, 20))) + (cs_rank(ts_mean(close * volume, 60)) - 1)), 10), 20))), 10) - (cs_rank(ts_mean(close * volume, 60)) - 1)), 10) - (cs_rank((((close - ts_min(low, 20)) / at_zero2nan(ts_max(high, 20) - ts_min(low, 20))) + ((ts_skew(ts_median(((close - open) / at_zero2nan(open)), 20), 60) + ((cs_rank(ts_mean(close * volume, 60)) - 1) + ret5)) + ts_min(ts_mean(ts_mean(ts_mean((cs_rank(ts_mean(close * volume, 60)) - 1), 10), 20), 20), 20)))) - 1))",4.796,2.0913,0.1317,1.2698,0.0305,0.1901,0.0172,328.5,1.0937,2.5181,True,True,0.3752,24,"c_ma20,c_ma60,co,gap,hl,ret5,size,stoch,vol20",1722
26,"ts_sum(sub(neg(ts_zscore(stoch, w_id(w_id(w_id(w10))))), sub(add(sub(ts_median(cs_zscore(v_ma20), w_id(w_id(w10))), ts_mean(ret20, w_id(w_id(w10)))), ts_skew(ts_delta(ts_delta(v_ma20, w10), w10), w_id(w20))), ts_mean(sub(neg(ts_median(ts_skew(co, w60), w_id(w60))), ts_mean(ret20, w_id(w10))), w_id(w10)))), w_id(w10))","ts_sum((-(ts_zscore(((close - ts_min(low, 20)) / at_zero2nan(ts_max(high, 20) - ts_min(low, 20))), 10)) - (((ts_median(cs_zscore((volume / at_zero2nan(ts_mean(volume, 20)))), 10) - ts_mean(ret20, 10)) + ts_skew((((volume / at_zero2nan(ts_mean(volume, 20))) - ts_delay((volume / at_zero2nan(ts_mean(volume, 20))), 10)) - ts_delay(((volume / at_zero2nan(ts_mean(volume, 20))) - ts_delay((volume / at_zero2nan(ts_mean(volume, 20))), 10)), 10)), 20)) - ts_mean((-(ts_median(ts_skew(((close - open) / at_zero2nan(open)), 60), 60)) - ts_mean(ret20, 10)), 10))), 10)",4.6885,1.9682,0.124,1.2511,0.0305,0.1762,0.0188,322.3,1.1974,2.8476,True,True,0.3419,11,"c_ma60,co,dv_adv,hl,ret1,ret20,stoch,v_ma20,vol20",1694
27,"sub(sub(sub(neg(ts_corr(ret20, size, w_id(w60))), size), ts_sum(c_ma20, w5)), ts_max(size, w_id(w5)))","(((-(ts_corr_binary(ret20, (cs_rank(ts_mean(close * volume, 60)) - 1), 60)) - (cs_rank(ts_mean(close * volume, 60)) - 1)) - ts_sum((close / at_zero2nan(ts_mean(close, 20))), 5)) - ts_max((cs_rank(ts_mean(close * volume, 60)) - 1), 5))",4.6407,1.1901,0.075,0.9226,0.0184,0.0658,0.0257,329.5,1.0132,3.8321,True,True,0.4933,29,"c_ma20,c_ma60,dv_adv,gap,ret20,ret5,size,v_ma20,vol20",1731
28,"ts_sum(sub(neg(ts_zscore(stoch, w_id(w_id(w_id(w_id(w10)))))), sub(add(sub(ts_median(cs_zscore(v_ma20), w_id(w20)), ts_mean(ret20, w_id(w_id(w10)))), ts_skew(ts_delta(v_ma20, w5), w_id(w20))), ts_mean(sub(neg(stoch), ts_median(div(vol20, ret20), w_id(w5))), w_id(w_id(w_id(w_id(w10))))))), w_id(w10))","ts_sum((-(ts_zscore(((close - ts_min(low, 20)) / at_zero2nan(ts_max(high, 20) - ts_min(low, 20))), 10)) - (((ts_median(cs_zscore((volume / at_zero2nan(ts_mean(volume, 20)))), 20) - ts_mean(ret20, 10)) + ts_skew(((volume / at_zero2nan(ts_mean(volume, 20))) - ts_delay((volume / at_zero2nan(ts_mean(volume, 20))), 5)), 20)) - ts_mean((-(((close - ts_min(low, 20)) / at_zero2nan(ts_max(high, 20) - ts_min(low, 20)))) - ts_median((ts_std(ret1, 20) / at_zero2nan(ret20)), 5)), 10))), 10)",4.6309,2.0505,0.1292,1.199,0.0298,0.1961,0.0126,330.5,0.5148,1.1717,True,True,0.4934,11,"c_ma60,co,dv_adv,hl,ret1,ret20,stoch,v_ma20,vol20",1733
29,"ts_decay(sub(sub(sub(neg(ts_zscore(stoch, w_id(w_id(w5)))), stoch), ts_corr(beta60, ts_corr(beta60, gap, w20), w20)), ts_corr(beta60, gap, w20)), w_id(w_id(w20)))","ts_mean_exp((((-(ts_zscore(((close - ts_min(low, 20)) / at_zero2nan(ts_max(high, 20) - ts_min(low, 20))), 5)) - ((close - ts_min(low, 20)) / at_zero2nan(ts_max(high, 20) - ts_min(low, 20)))) - ts_corr_binary(ts_corr_binary(ret1, ret1_spx, 60), ts_corr_binary(ts_corr_binary(ret1, ret1_spx, 60), ((open - ts_delay(close, 1)) / at_zero2nan(ts_delay(close, 1))), 20), 20)) - ts_corr_binary(ts_corr_binary(ret1, ret1_spx, 60), ((open - ts_delay(close, 1)) / at_zero2nan(ts_delay(close, 1))), 20)), 20, 0.5)",4.5615,2.0724,0.1306,1.1878,0.0304,0.2064,0.0118,325.2,1.305,2.8628,True,True,0.3749,8,"beta60,c_ma20,c_ma60,co,gap,hl,ret1,stoch,vol20",1704
