,a0,a1,a2,a3,a4,a5,a6,a7,a8,a9,a10,a11,a12,a13,a14,a15,a16,a17,a18,a19,a20,a21,a22,a23,a24,a25,a26,a27,a28,a29
a0,1.0,0.3084987458477841,0.3932793683798971,0.4997051784686599,0.08619771215466474,-0.006639917802446438,0.16233190138247497,0.04784400099453514,-0.0440474480358736,-0.27182718693598246,-0.02956315619757785,-0.07424739334088012,-0.07202295027159336,-0.06132623325678843,-0.07935916369263525,0.007135364274360547,-0.16204530245754167,-0.36086981757411934,0.05298710728832893,0.08331678781887636,0.06250152621062975,-0.0748110853591592,-0.08027263740993452,0.05874874562813399,0.1350792934567238,-0.10910502621955091,0.05499591103953456,-0.1126247046216237,0.011289069513137325,-0.06817687061900919
a1,0.3084987458477841,1.0,0.4431706368850282,-0.3479861066480492,0.049755265684856984,0.05071866850903724,0.03516581219887259,0.01473980257460127,-0.01702510769143944,-0.12463575823257918,-0.19435885084057544,0.046727495644041585,0.11123483093665526,-0.059887457699440094,0.21417162522969205,-0.19623977984045293,-0.1477829934284404,-0.17431888019843603,0.0652810723147871,0.20522217998682027,0.06676551413546786,-0.05708747423770331,-0.07422022263044234,0.03947377519738046,-0.0039486680868522335,0.07480878601910096,0.130808040931162,-0.11648616969282011,0.0021409996146800965,0.056678311686482824
a2,0.3932793683798971,0.4431706368850282,1.0,,0.028096315557911377,0.11035639913808944,0.1591785230177431,-0.01844050817370664,0.007283876597927711,0.035662780999598596,-0.02948082668024139,-0.22380303943324695,-0.07607753261837324,0.015498472704729135,0.04623144395203499,-0.08821564472445252,-0.030949268653760277,0.035969407347908634,0.009859919359949898,0.09024955181992846,0.03677827016148374,0.07551476086748145,-0.08823445435819086,0.039373328277076354,0.08619704756264726,0.027102826949304243,0.00486229931669772,-0.07119769353484534,0.020846871598412503,0.07024282998081223
a3,0.4997051784686599,-0.3479861066480492,,1.0,-0.14015346153044386,0.024424625326482503,-0.05056732152139045,-0.0990053606845712,-0.04058633472230779,-0.05325294762212302,0.07173092786869896,0.024727478927331695,0.12483008748948661,-0.09994265092838309,-0.1853850278160494,-0.05499667034687257,-0.00926839137085485,-0.05407677274999678,0.05582336863342154,-0.029044750998664062,-0.11305160536668278,-0.09115525307500118,0.12910433392747847,0.07062503708489358,-0.1378106490291298,0.0536905845872206,0.003739487202519859,-0.04378478416629876,-0.025899087213436887,-0.09367603847088632
a4,0.08619771215466474,0.049755265684856984,0.028096315557911377,-0.14015346153044386,1.0,0.31633170444919106,0.21869388882862578,0.015471605290217055,0.005368562297897854,0.10004817307887087,0.051221686200583094,-0.02379498330090017,0.03410493612105292,-0.04089700311122218,0.05952282123741155,-0.03943763341231298,-0.024686836622107675,-0.047754091540389704,0.061504204845282476,0.014896590887413734,-0.005932033742382922,0.017813906822012414,-0.01693548854783063,0.07385201510932551,0.3772725712576326,0.014798301705347664,0.06062691965846731,-0.05678856805345385,-0.02495915709738969,-0.009086227632057612
a5,-0.006639917802446438,0.05071866850903724,0.11035639913808944,0.024424625326482503,0.31633170444919106,1.0,0.2174877986039894,0.017681910550734016,0.0732460099119876,0.10805111237375498,0.025529347294790936,-0.038139757982556755,-0.030115471725764457,-0.08463313948604799,0.07795215428384211,-0.012920417053423505,-0.01527266540370224,-0.00896108533609875,0.06609944095005967,-0.007275683550640989,-0.045384178916648144,0.03131013291250055,-0.0034577283886056357,-0.009777029944036451,0.3696921444845811,-0.01997529946838682,-0.0016989712297279455,-0.00038760849752790603,-0.024044133430271387,-0.04634119177378327
a6,0.16233190138247497,0.03516581219887259,0.1591785230177431,-0.05056732152139045,0.21869388882862578,0.2174877986039894,1.0,-0.03750826885907968,0.0028487255517157914,0.05456536896905062,0.03823566961063084,-0.03923508299966246,0.029217435686064212,-0.010500898691349191,0.0913353399143836,-0.023369006678867564,-0.06622412872309034,-0.07129946664549926,-0.07347947356817586,0.007627175386660603,-0.046048928487491335,0.0438062357332322,0.03537054461469791,0.057764225580593645,0.3882388535801741,0.061465803442298794,-0.005551293037603846,0.057725368211543476,-0.007821737061356743,-0.0068827740543016165
a7,0.04784400099453514,0.01473980257460127,-0.01844050817370664,-0.0990053606845712,0.015471605290217055,0.017681910550734016,-0.03750826885907968,1.0,0.0369957088981915,0.03192013984298481,-0.053677690667942604,-0.052027220826481195,-0.005338621594413902,0.027528464732444066,-0.02440248821280121,0.02414331920248878,0.07281454310444335,0.023692109462040957,-0.02312943158974471,0.012123286245221363,-0.007026348155254243,0.020355699405549675,-0.006384758674585572,-0.03767070590150835,-0.025007118112277755,-0.0003159495760037084,-0.02087075234213467,-0.03862890825551386,-0.004899012479809132,0.09174535810720935
a8,-0.0440474480358736,-0.01702510769143944,0.007283876597927711,-0.04058633472230779,0.005368562297897854,0.0732460099119876,0.0028487255517157914,0.0369957088981915,1.0,0.26344241963801723,0.17660697032183376,-0.012461725152374621,-0.011691661733380907,-0.017040125238857097,0.011821562477486853,-0.019292848795994386,0.3013630768544162,0.13208166683803463,-0.005202458300405745,0.06139004059586562,-0.014140536309846649,0.15537721944107502,-0.02569738653711141,0.05457246945865691,0.07272988858560665,0.04343785526841007,-0.022471193521474465,0.04250225431248999,0.069059216983333,-0.02737404659830189
a9,-0.27182718693598246,-0.12463575823257918,0.035662780999598596,-0.05325294762212302,0.10004817307887087,0.10805111237375498,0.05456536896905062,0.03192013984298481,0.26344241963801723,1.0,0.2675792233276415,0.08288908152935405,0.004524448923628123,0.018852363798720087,-0.07421375587037524,-0.0182838815808,0.2912583682843043,0.20072505794692488,-0.00636008866024606,0.027140689797905942,-0.04655530683188967,0.07009979171090724,0.017880463921727586,0.09620617571204582,0.10208805908592863,0.03884011551404485,-0.03268391803914978,0.07506322648972948,0.097311543450876,0.02848902384818773
a10,-0.02956315619757785,-0.19435885084057544,-0.02948082668024139,0.07173092786869896,0.051221686200583094,0.025529347294790936,0.03823566961063084,-0.053677690667942604,0.17660697032183376,0.2675792233276415,1.0,0.051336077583473805,0.017972245435611812,0.0377937738931033,-0.10486012856668121,0.07935374021979257,0.31456041288177666,0.18977603779843238,0.06523017702686552,0.01614108004147816,0.08966126597949027,0.04875271015279561,0.10854292837999298,0.12546504669185268,-0.013240584647699831,0.03756160557796509,-0.024877914540387555,0.08076250198559232,0.08314662920987863,0.07984360991444593
a11,-0.07424739334088012,0.046727495644041585,-0.22380303943324695,0.024727478927331695,-0.02379498330090017,-0.038139757982556755,-0.03923508299966246,-0.052027220826481195,-0.012461725152374621,0.08288908152935405,0.051336077583473805,1.0,0.030497661292014852,0.0015746447066368058,-0.03609843888543775,0.3345348266947384,0.13285576540366237,0.12498042728889013,-0.006994085414696473,-0.0761991383938271,0.006654437845349148,-0.03379134799715519,0.40261971862939316,0.031413116596355796,-0.043910836540508785,0.31523867113185416,-0.04002591015522786,0.4770085612445986,0.018594930763565165,0.007119409096797427
a12,-0.07202295027159336,0.11123483093665526,-0.07607753261837324,0.12483008748948661,0.03410493612105292,-0.030115471725764457,0.029217435686064212,-0.005338621594413902,-0.011691661733380907,0.004524448923628123,0.017972245435611812,0.030497661292014852,1.0,0.09955905901702121,-0.015655035115949407,0.037538293162896516,0.005692081974980662,0.00622694632624769,-0.01614431509146848,0.031148351670919904,0.020260574687960487,0.0307629775737347,-0.029827008465555183,-0.014579613396458323,-0.02714723034391569,0.036617145171520114,0.056106628896058254,0.0076933248194952855,0.019960057260572768,0.016105214570132444
a13,-0.06132623325678843,-0.059887457699440094,0.015498472704729135,-0.09994265092838309,-0.04089700311122218,-0.08463313948604799,-0.010500898691349191,0.027528464732444066,-0.017040125238857097,0.018852363798720087,0.0377937738931033,0.0015746447066368058,0.09955905901702121,1.0,0.0584838939834048,0.07013207769860651,0.09014173714891913,0.08240362444830449,0.030969563688168257,-0.01468952811245386,-0.0004933614736576162,0.060336154526899236,0.01767343727355612,-0.020206399050557485,0.03314269124494493,0.0009777316267517437,0.016460382387918825,0.020553463342149237,0.11737603200356761,0.13041392860362097
a14,-0.07935916369263525,0.21417162522969205,0.04623144395203499,-0.1853850278160494,0.05952282123741155,0.07795215428384211,0.0913353399143836,-0.02440248821280121,0.011821562477486853,-0.07421375587037524,-0.10486012856668121,-0.03609843888543775,-0.015655035115949407,0.0584838939834048,1.0,-0.13208922830194303,-0.04838299549615252,-0.06774605389757668,0.10984420820805738,0.007071112576865085,0.07702897302573526,0.07296789684034925,-0.031271107067895765,-0.03901892211059661,0.13913447241623345,0.029796193779571212,0.14127499859942264,0.07374140345306979,0.05525205131561023,0.054853505500055424
a15,0.007135364274360547,-0.19623977984045293,-0.08821564472445252,-0.05499667034687257,-0.03943763341231298,-0.012920417053423505,-0.023369006678867564,0.02414331920248878,-0.019292848795994386,-0.0182838815808,0.07935374021979257,0.3345348266947384,0.037538293162896516,0.07013207769860651,-0.13208922830194303,1.0,0.13974925834903398,0.12829267886793183,0.00022759609679153396,-0.08194222184370956,-0.03710896235305823,0.08803853357149183,0.3548900995085783,0.039728378303024864,0.050819694033963164,0.23851939660720417,-0.05513433941090253,0.40843090429224577,0.05357321195932567,0.12895542768303359
a16,-0.16204530245754167,-0.1477829934284404,-0.030949268653760277,-0.00926839137085485,-0.024686836622107675,-0.01527266540370224,-0.06622412872309034,0.07281454310444335,0.3013630768544162,0.2912583682843043,0.31456041288177666,0.13285576540366237,0.005692081974980662,0.09014173714891913,-0.04838299549615252,0.13974925834903398,1.0,0.42117519076126525,0.07156840604304154,-0.022629524484079337,-0.14676625598651719,0.19580775101818043,0.16926482960848369,0.07781002610608917,0.055303930769694414,0.08976128566350991,-0.017756961945569364,0.19111070514389783,0.19309025044344416,0.16717417866379802
a17,-0.36086981757411934,-0.17431888019843603,0.035969407347908634,-0.05407677274999678,-0.047754091540389704,-0.00896108533609875,-0.07129946664549926,0.023692109462040957,0.13208166683803463,0.20072505794692488,0.18977603779843238,0.12498042728889013,0.00622694632624769,0.08240362444830449,-0.06774605389757668,0.12829267886793183,0.42117519076126525,1.0,0.06567618344442613,-0.0073067143869318405,0.020567660567487434,0.19399754400264474,0.18194552481062926,0.011580877768337654,0.10198289893727625,0.10851297273854926,-0.002866453611464911,0.24304488090631077,0.23390119710971072,0.2336367447105418
a18,0.05298710728832893,0.0652810723147871,0.009859919359949898,0.05582336863342154,0.061504204845282476,0.06609944095005967,-0.07347947356817586,-0.02312943158974471,-0.005202458300405745,-0.00636008866024606,0.06523017702686552,-0.006994085414696473,-0.01614431509146848,0.030969563688168257,0.10984420820805738,0.00022759609679153396,0.07156840604304154,0.06567618344442613,1.0,-0.014681840005968633,0.036253351853230004,-0.03689000746299401,-0.04992903372080458,0.028044050500569767,0.041399182865841946,-0.09575589752016776,0.010317524174641537,-0.047606687913637945,0.06201021713828671,-0.003849346155400277
a19,0.08331678781887636,0.20522217998682027,0.09024955181992846,-0.029044750998664062,0.014896590887413734,-0.007275683550640989,0.007627175386660603,0.012123286245221363,0.06139004059586562,0.027140689797905942,0.01614108004147816,-0.0761991383938271,0.031148351670919904,-0.01468952811245386,0.007071112576865085,-0.08194222184370956,-0.022629524484079337,-0.0073067143869318405,-0.014681840005968633,1.0,0.036599307016837834,0.3201788773740843,-0.032823214427650835,0.018576730375755433,-0.01596905886976134,0.32406984358474583,0.3418769207258271,-0.0421810533697972,0.36119999988844925,0.12032165587503668
a20,0.06250152621062975,0.06676551413546786,0.03677827016148374,-0.11305160536668278,-0.005932033742382922,-0.045384178916648144,-0.046048928487491335,-0.007026348155254243,-0.014140536309846649,-0.04655530683188967,0.08966126597949027,0.006654437845349148,0.020260574687960487,-0.0004933614736576162,0.07702897302573526,-0.03710896235305823,-0.14676625598651719,0.020567660567487434,0.036253351853230004,0.036599307016837834,1.0,-0.022676734992195642,-0.028771682919933768,-0.08291821549673735,-0.01165113702203227,0.04760654151569133,0.1024071448413975,0.01250585642767435,0.03797813913022693,0.04407200066457063
a21,-0.0748110853591592,-0.05708747423770331,0.07551476086748145,-0.09115525307500118,0.017813906822012414,0.03131013291250055,0.0438062357332322,0.020355699405549675,0.15537721944107502,0.07009979171090724,0.04875271015279561,-0.03379134799715519,0.0307629775737347,0.060336154526899236,0.07296789684034925,0.08803853357149183,0.19580775101818043,0.19399754400264474,-0.03689000746299401,0.3201788773740843,-0.022676734992195642,1.0,0.12988659254823431,0.006415213750993546,0.22590998880105304,0.31885828040731445,0.19291907836338476,0.14867137686335735,0.3795911569195812,0.37489065950808154
a22,-0.08027263740993452,-0.07422022263044234,-0.08823445435819086,0.12910433392747847,-0.01693548854783063,-0.0034577283886056357,0.03537054461469791,-0.006384758674585572,-0.02569738653711141,0.017880463921727586,0.10854292837999298,0.40261971862939316,-0.029827008465555183,0.01767343727355612,-0.031271107067895765,0.3548900995085783,0.16926482960848369,0.18194552481062926,-0.04992903372080458,-0.032823214427650835,-0.028771682919933768,0.12988659254823431,1.0,0.004645284969987867,0.11663996691305648,0.3751749802751727,0.00923082903846642,0.4933110245696528,0.09791069330927125,0.1645769339245575
a23,0.05874874562813399,0.03947377519738046,0.039373328277076354,0.07062503708489358,0.07385201510932551,-0.009777029944036451,0.057764225580593645,-0.03767070590150835,0.05457246945865691,0.09620617571204582,0.12546504669185268,0.031413116596355796,-0.014579613396458323,-0.020206399050557485,-0.03901892211059661,0.039728378303024864,0.07781002610608917,0.011580877768337654,0.028044050500569767,0.018576730375755433,-0.08291821549673735,0.006415213750993546,0.004645284969987867,1.0,0.007415551590045091,0.005788169315053183,-0.018249225296488307,0.056735221433194524,-0.001986686248413468,-0.010123234280477872
a24,0.1350792934567238,-0.0039486680868522335,0.08619704756264726,-0.1378106490291298,0.3772725712576326,0.3696921444845811,0.3882388535801741,-0.025007118112277755,0.07272988858560665,0.10208805908592863,-0.013240584647699831,-0.043910836540508785,-0.02714723034391569,0.03314269124494493,0.13913447241623345,0.050819694033963164,0.055303930769694414,0.10198289893727625,0.041399182865841946,-0.01596905886976134,-0.01165113702203227,0.22590998880105304,0.11663996691305648,0.007415551590045091,1.0,0.1398658154431518,0.05502370634722216,0.15197789951184948,0.10460560519918749,0.2522782693814127
a25,-0.10910502621955091,0.07480878601910096,0.027102826949304243,0.0536905845872206,0.014798301705347664,-0.01997529946838682,0.061465803442298794,-0.0003159495760037084,0.04343785526841007,0.03884011551404485,0.03756160557796509,0.31523867113185416,0.036617145171520114,0.0009777316267517437,0.029796193779571212,0.23851939660720417,0.08976128566350991,0.10851297273854926,-0.09575589752016776,0.32406984358474583,0.04760654151569133,0.31885828040731445,0.3751749802751727,0.005788169315053183,0.1398658154431518,1.0,0.2829160178915403,0.3830665047320593,0.29262938729143834,0.27908754269133
a26,0.05499591103953456,0.130808040931162,0.00486229931669772,0.003739487202519859,0.06062691965846731,-0.0016989712297279455,-0.005551293037603846,-0.02087075234213467,-0.022471193521474465,-0.03268391803914978,-0.024877914540387555,-0.04002591015522786,0.056106628896058254,0.016460382387918825,0.14127499859942264,-0.05513433941090253,-0.017756961945569364,-0.002866453611464911,0.010317524174641537,0.3418769207258271,0.1024071448413975,0.19291907836338476,0.00923082903846642,-0.018249225296488307,0.05502370634722216,0.2829160178915403,1.0,-0.028214899604536072,0.493434003842617,0.15888094045416631
a27,-0.1126247046216237,-0.11648616969282011,-0.07119769353484534,-0.04378478416629876,-0.05678856805345385,-0.00038760849752790603,0.057725368211543476,-0.03862890825551386,0.04250225431248999,0.07506322648972948,0.08076250198559232,0.4770085612445986,0.0076933248194952855,0.020553463342149237,0.07374140345306979,0.40843090429224577,0.19111070514389783,0.24304488090631077,-0.047606687913637945,-0.0421810533697972,0.01250585642767435,0.14867137686335735,0.4933110245696528,0.056735221433194524,0.15197789951184948,0.3830665047320593,-0.028214899604536072,1.0,0.0965737625287087,0.14961473720141402
a28,0.011289069513137325,0.0021409996146800965,0.020846871598412503,-0.025899087213436887,-0.02495915709738969,-0.024044133430271387,-0.007821737061356743,-0.004899012479809132,0.069059216983333,0.097311543450876,0.08314662920987863,0.018594930763565165,0.019960057260572768,0.11737603200356761,0.05525205131561023,0.05357321195932567,0.19309025044344416,0.23390119710971072,0.06201021713828671,0.36119999988844925,0.03797813913022693,0.3795911569195812,0.09791069330927125,-0.001986686248413468,0.10460560519918749,0.29262938729143834,0.493434003842617,0.0965737625287087,1.0,0.3144563612894666
a29,-0.06817687061900919,0.056678311686482824,0.07024282998081223,-0.09367603847088632,-0.009086227632057612,-0.04634119177378327,-0.0068827740543016165,0.09174535810720935,-0.02737404659830189,0.02848902384818773,0.07984360991444593,0.007119409096797427,0.016105214570132444,0.13041392860362097,0.054853505500055424,0.12895542768303359,0.16717417866379802,0.2336367447105418,-0.003849346155400277,0.12032165587503668,0.04407200066457063,0.37489065950808154,0.1645769339245575,-0.010123234280477872,0.2522782693814127,0.27908754269133,0.15888094045416631,0.14961473720141402,0.3144563612894666,1.0
