,rows,flag_price_rate,flag_fund_rate,sector_missing_share,member_firm_quarters,rdq_share,filing_share
year_2000,125990.0,0.24671799349154694,0.3918803079609493,0.002000158742757362,1983.0,0.9989914271306102,0.9319213313161876
year_2001,123993.0,0.34435008427895125,0.3903042913712871,0.0020001129095997354,1990.0,0.9984924623115577,0.9703517587939698
year_2002,125993.0,0.08153627582484742,0.3466938639448223,0.002095354503821641,1995.0,0.9994987468671679,0.9889724310776943
year_2003,125985.0,0.12082390760804858,0.32284795809024885,0.0020002381235861414,1994.0,0.9969909729187563,0.9884653961885657
year_2004,126000.0,0.1597063492063492,0.30534126984126986,0.002,1988.0,0.9979879275653923,0.993963782696177
year_2005,125994.0,0.10971951045287871,0.2991332920615267,0.0020000952426306013,1989.0,0.9969834087481146,0.9939668174962293
year_2006,125493.0,0.07099997609428414,0.3308152645964317,0.002000111560007331,1986.0,0.9934541792547835,0.9909365558912386
year_2007,125489.0,0.043501820876730234,0.3277657802675932,0.002000175314170963,1989.0,0.9984917043740573,0.9944695827048768
year_2008,126477.0,0.05327450840864347,0.3185085035223796,0.002000363702491362,1992.0,1.0,0.9984939759036144
year_2009,125991.0,0.05362287782460652,0.30159297092649473,0.0020001428673476675,1992.0,1.0,1.0
