,ret_5d,ret_20d,mom_12_1,prc_highprc_252d,rvol_21d,beta_bab,log_me,ami_126d,seas_2_5an,coskew_21d,be_me,ni_me,niq_be,ocf_at,gp_at,ni_inc8q,at_gr1,sale_gr1,oaccruals_at,taccruals_at,debt_gr3,noa_at,netdebt_me,cash_at,niq_su,saleq_su,ivol_capm_21d,vol_shock,rskew_21d,rmax1_21d,volume_z,qspread_21d,overnight_20d,ma50_gap,earn_next5,days_since_earn,var_ratio_60d,ret_vol_corr_60d,ind_mom_12_1,ret_20d_ind_rel
year_2000,0.9998730057941106,0.9995872688308596,0.9934439241209619,0.9936026668783237,0.9995634574172554,0.9664020954043971,0.9999920628621319,0.9973410588141916,0.9298595126597349,0.9995634574172554,0.987824430510358,0.9951583459004683,0.9882133502658941,0.8477260100007937,0.9659417414080482,0.9947614890070641,0.9883562187475197,0.9838241130248433,0.8477260100007937,0.7921898563378046,0.8620366695769506,0.9312167632351774,0.9497817287086276,0.9921660449242004,0.9884197158504643,0.987824430510358,0.9995634574172554,0.9987538693547107,0.9995634574172554,0.9995634574172554,0.9996110802444639,0.8112707357726804,0.9915866338598301,0.9990078577664894,0.9977141042939915,0.9977061671561235,0.9986268751488213,0.9987538693547107,0.9979998412572426,0.9975871100881022
year_2001,0.9999032203430839,0.9994838418297807,0.990902712249885,0.991128531449356,0.9994435169727324,0.9577234198704766,0.999951610171542,0.9957739549813296,0.9209874750994008,0.9994435169727324,0.9887171049978628,0.9907172179074625,0.9864105231746954,0.8555563620526965,0.9623204535739921,0.9947577685837103,0.9911365964207657,0.9774584049099546,0.8552982829675869,0.8010936101231521,0.8435314896808691,0.9355366835224569,0.9506585049156001,0.9920882630471075,0.987491229343592,0.9837571475809118,0.9994435169727324,0.9981934464042325,0.9994435169727324,0.9994435169727324,0.9995241666868291,0.7095239247376868,0.9898220060809885,0.9985160452606195,0.9979998870904002,0.9979998870904002,0.9980321469760389,0.9981934464042325,0.9979998870904002,0.997483728920181
year_2002,0.9999365044089751,0.9997460176359004,0.9960553364075782,0.9962378862317748,0.9997301437381442,0.9630376290746311,0.9999761891533656,0.9990158183391141,0.9291151095695793,0.9997301437381442,0.9922932226393529,0.9872691339995079,0.9889120824172771,0.915804846300985,0.9657203177954331,0.99293611549848,0.9958965974300159,0.9746493852833094,0.908812394339368,0.796901415157985,0.8390069289563706,0.9395125125999063,0.9473939028358719,0.9950632177978141,0.9923964029747684,0.9902693006754344,0.9997301437381442,0.9993888549363854,0.9997301437381442,0.9997301437381442,0.9997539545847786,0.9884279285357123,0.9897454620494789,0.9994444135785321,0.9979998888827157,0.9979998888827157,0.9993571071408729,0.9993888549363854,0.9979046454961784,0.9976506631320787
year_2003,0.9999682501885145,0.999873000754058,0.9969520180973925,0.9970075802674921,0.9998650633011866,0.9724729134420764,0.9999682501885145,0.998618883200381,0.9373179346747629,0.9998650633011866,0.9829741635909037,0.9925546692066516,0.983236099535659,0.9238163273405564,0.9682025637972774,0.9947930309163789,0.9940230979878557,0.9806961146168195,0.9212842798745883,0.7896892487200857,0.8634837480652459,0.9425249037583839,0.9486764297336985,0.9946263444060801,0.9947930309163789,0.9933642893995317,0.9998650633011866,0.9994681906576179,0.9998650633011866,0.9998650633011866,0.999873000754058,0.9399690439338017,0.9898718101361274,0.9995872524506886,0.9979997618764138,0.9979997618764138,0.999404691034647,0.9994681906576179,0.9979997618764138,0.9978727626304719
year_2004,0.9999365079365079,0.9997460317460317,0.997531746031746,0.997563492063492,0.9997301587301587,0.9852698412698413,0.999984126984127,0.9989047619047619,0.9564126984126984,0.9997301587301587,0.9850634920634921,0.9967777777777778,0.9845555555555555,0.9271825396825397,0.9709603174603174,0.9971746031746032,0.9922539682539683,0.9897619047619047,0.926515873015873,0.7907857142857143,0.8758571428571429,0.9416746031746032,0.9503650793650794,0.9956031746031746,0.9950793650793651,0.9945714285714286,0.9997301587301587,0.9993888888888889,0.9997301587301587,0.9997301587301587,0.9997619047619047,0.8816269841269841,0.9983730158730159,0.999452380952381,0.998,0.998,0.9993571428571428,0.9993888888888889,0.998,0.9977460317460317
year_2005,0.9999682524564661,0.9998730098258647,0.9963649062653778,0.9964522120100957,0.9998650729399813,0.9870946235535025,0.9999920631141166,0.9983253170785911,0.9652443767163515,0.9998650729399813,0.9875073416194422,0.991761512452974,0.9848008635331841,0.9818562788704224,0.9701017508770259,0.9959998095147388,0.9945870438274839,0.9882930933219042,0.9786339032017398,0.7898153880343508,0.8706922551867549,0.9381161007667032,0.9440528914075274,0.9965157070971633,0.9947537184310364,0.9941346413321269,0.9998650729399813,0.999285680270489,0.9998650729399813,0.9998650729399813,0.9998730098258647,0.9218931060209217,0.9998730098258647,0.9994682286458085,0.9979999047573694,0.9979999047573694,0.9991904376398876,0.999285680270489,0.9979999047573694,0.9978729145832341
year_2006,0.999745005697529,0.9991075199413513,0.9913859737196496,0.9914417537233152,0.9990517399376858,0.9783892328655781,0.99992828285243,0.9943662196297801,0.9644840748089535,0.9990517399376858,0.9866287362641741,0.9883579163778059,0.9867004534117441,0.9840787932394636,0.9664841863689608,0.9934737395711315,0.9874415306033005,0.9795606129425546,0.979504832938889,0.7750631509327214,0.8505494330361056,0.928896432470337,0.9389766759898959,0.9944299682053979,0.9897444478974923,0.9894575793072123,0.9990517399376858,0.997290685536245,0.9990517399376858,0.9990517399376858,0.9991553313730647,0.9610496202975465,0.9991075199413513,0.997760831281426,0.9979998884399927,0.9979998884399927,0.9970994398093918,0.9973225598240539,0.9979998884399927,0.9971074083813439
year_2007,0.9998406234809426,0.9993624939237702,0.9910669461068301,0.991258197929699,0.9993226497940059,0.9733203707097833,0.9999282805664241,0.9959677740678465,0.9565698985568456,0.9993226497940059,0.9830343695463347,0.9907880371984795,0.9814406043557603,0.9835284367554128,0.9709615982277331,0.9932902485476814,0.9868833124815721,0.9827474918120314,0.9807393476719075,0.771613448190678,0.84142036353784,0.9258978874642398,0.9363529871144084,0.9945572918741882,0.9894970873941142,0.9894970873941142,0.9993226497940059,0.9980874817713107,0.9993226497940059,0.9993226497940059,0.9994023380535346,0.9993545250978173,0.9993624939237702,0.9984062348094255,0.9975137263027039,0.997505757476751,0.9979281052522532,0.9980874817713107,0.997999824685829,0.9973623186095992
year_2008,0.999913027665109,0.9996283909327388,0.9926626975655652,0.9928208290835487,0.9996046712050413,0.9658514986914617,0.9999841868482017,0.9973196707701796,0.9467413047431549,0.9996046712050413,0.9859974540825605,0.9965527329079595,0.9860053606584597,0.9892312436253232,0.9874997035034038,0.9972326984352886,0.9929710540256331,0.9930817460882215,0.9878001533875724,0.7847197514172537,0.8269803995983459,0.9318136894455118,0.9371506281774552,0.9979680099939119,0.9914134585734956,0.9914134585734956,0.9996046712050413,0.9988693596464179,0.9996046712050413,0.9996046712050413,0.9996521106604362,0.999596764629142,0.9996283909327388,0.9990591174679981,0.9979996362975087,0.9979996362975087,0.9987744807356278,0.9988693596464179,0.9979996362975087,0.9976280272302473
year_2009,0.9999682517005183,0.9998730068020731,0.9977855561111508,0.9979125493090776,0.9998650697272027,0.9727520219698232,1.0,0.9993253486360136,0.9473613194593264,0.9998650697272027,0.9787524505718662,0.9966902397790318,0.9806652856156393,0.9959441547412117,0.9882134438174155,0.9974918843409449,0.996563246581105,0.994388488066608,0.9946345373875912,0.8066925415307442,0.8410283274202126,0.9365192751863228,0.9379558857378701,0.9979998571326524,0.9960076513401751,0.9960076513401751,0.9998650697272027,0.9996190204062195,0.9998650697272027,0.9998650697272027,0.9998809438769436,0.9987856275448246,0.9998730068020731,0.999682517005183,0.9979998571326524,0.9979998571326524,0.9995872721067378,0.9996190204062195,0.9979998571326524,0.9978728639347255
year_2010,0.9999682529604115,0.9998730118416458,0.9980237467856122,0.9980554938252008,0.9998650750817486,0.9799438077399283,1.0,0.9990713990920347,0.9487523413441696,0.9998650750817486,0.9811025746849107,0.997325311914664,0.9798565033810597,0.9954204895393505,0.9912933743928378,0.9974840471126067,0.9972856281151783,0.9959998730118417,0.9947458649480936,0.8112003555668434,0.8345106193847424,0.936831327978666,0.9375456363694086,0.9979999365059208,0.9968411695609385,0.9968411695609385,0.9998650750817486,0.9996190355249372,0.9998650750817486,0.9998650750817486,0.9998809486015429,0.9998730118416458,0.9998730118416458,0.9996825296041144,0.9979999365059208,0.9979999365059208,0.9995872884853487,0.9996190355249372,0.9979999365059208,0.9978729483475666
year_2011,0.9998730138573628,0.9995634851346846,0.996349148399181,0.9964126414704996,0.9995396752329402,0.9873569421736853,0.9999920633660851,0.9980079048873791,0.958142192733218,0.9995396752329402,0.9847616628835378,0.9979920316195495,0.984348957919967,0.9932300512706551,0.9914046254702455,0.9979999682534644,0.9953411958919983,0.9961983523547993,0.9932300512706551,0.8070286829949682,0.8476483753710377,0.9388006158827917,0.9404434991031604,0.9979920316195495,0.9966031206844553,0.9966031206844553,0.9995396752329402,0.9988491880823505,0.9995396752329402,0.9995396752329402,0.9995872950364292,0.9995634851346846,0.9995634851346846,0.9989920474928173,0.9979999682534644,0.9979999682534644,0.9987856950110319,0.9988491880823505,0.9979999682534644,0.997563453388149
year_2012,0.9998399897593446,0.9992879544290835,0.9911514336917563,0.9912794418842806,0.9992399513568868,0.9821908602150538,1.0,0.9952556963645673,0.962413594470046,0.9992399513568868,0.9821748591909882,0.9979998719918075,0.9825908858166923,0.9906714029697901,0.9861111111111112,0.9979998719918075,0.9927995391705069,0.9953757040450589,0.9906714029697901,0.8106998847926268,0.8616151433691757,0.9363959293394777,0.9401961725550435,0.9975918458781362,0.9920154889912954,0.991719470046083,0.9992399513568868,0.997703853046595,0.9992399513568868,0.9992399513568868,0.9993359575012801,0.9992879544290835,0.9992879544290835,0.9981358806963646,0.9979998719918075,0.9979998719918075,0.9974478366615463,0.997703853046595,0.9979998719918075,0.997287826420891
year_2013,0.9999047596371342,0.9996190385485368,0.9921664801542894,0.9923887076676429,0.9995952284578205,0.9690706921593372,1.0,0.9972697762645142,0.9579910632792844,0.9995952284578205,0.9780629697532481,0.9979047120169527,0.9784280578109003,0.9936188956879926,0.9863250712318548,0.9979999523798185,0.9942141479559037,0.9951030580093176,0.9936188956879926,0.8067255569577053,0.8552029016563887,0.9372445375683548,0.9399112677285967,0.9972856496583252,0.9939125534734954,0.9933331745993952,0.9995952284578205,0.9990714064620586,0.9994761780042382,0.9995952284578205,0.9996428486392533,0.9996190385485368,0.9996190385485368,0.9991983936125464,0.9979999523798185,0.9979999523798185,0.9990079128868148,0.9990714064620586,0.9979999523798185,0.9976189909283555
year_2014,0.9999366537334706,0.9997466149338823,0.9950748277773379,0.9951381740438673,0.99973077836725,0.9675271201203579,1.0,0.9977670441048381,0.9504790561406287,0.99973077836725,0.975223691503682,0.9909414838862934,0.9729194710586745,0.9926359965159554,0.9882492675587933,0.9937999841634334,0.993649536780426,0.9892311346899992,0.987877108242933,0.8001266925330588,0.8574629820254969,0.9306041650170243,0.9326550003959142,0.9957003721593158,0.9924142845831024,0.9920975532504553,0.99973077836725,0.9990260511521102,0.9977353709715734,0.99973077836725,0.9997624515005147,0.9997466149338823,0.9997466149338823,0.9992160899516984,0.9957003721593158,0.9957003721593158,0.9989310317523161,0.9990260511521102,0.9957003721593158,0.995573679626257
year_2015,0.9998026632566878,0.9992343334359485,0.995137622644786,0.995184983463181,0.9991869726175535,0.9748119380836234,0.9999763195908026,0.9962900692257296,0.9479662475234238,0.9991869726175535,0.9692549353919503,0.9892017334059533,0.9705336774886136,0.9893122419822081,0.9890991182994309,0.9904883689723492,0.9896279807715077,0.9809451640657684,0.986107493270817,0.7939883334517354,0.858991056698793,0.9209469006291096,0.9234728109435064,0.9924301625265418,0.9870547096387159,0.9870547096387159,0.9991869726175535,0.9979634848090175,0.9956349112379329,0.9991869726175535,0.9992659073148784,0.9992343334359485,0.9992343334359485,0.9982160758404572,0.9929984923472811,0.9929984923472811,0.9978371892932977,0.9979634848090175,0.9924301625265418,0.9916644959624902
year_2016,0.9998663437952072,0.9996776526825587,0.992177180954777,0.9923658720674257,0.9996619284231713,0.9752185672054846,1.0,0.9972639788665953,0.9495565758852758,0.9996619284231713,0.9554531731555443,0.9883011510157872,0.9580319516950752,0.985706648216869,0.9865164475753192,0.9882932888860935,0.9860840304421662,0.9834816655135543,0.985706648216869,0.7906472105163846,0.8545112900182401,0.919688345178942,0.9218897414931757,0.9882932888860935,0.9833322850493742,0.9833322850493742,0.9996619284231713,0.998930750361658,0.9956994150575508,0.9996619284231713,0.999693376941946,0.9996776526825587,0.9996776526825587,0.9991666142524687,0.9906047550160387,0.9906047550160387,0.9988049562865589,0.998930750361658,0.9886234983332285,0.9884348072205799
year_2017,0.999897431851355,0.9996133969781845,0.9961181900666694,0.9962128683577262,0.9995897274054203,0.9810722316462188,1.0,0.9977435007298118,0.9557852380764528,0.9995897274054203,0.9541204781253698,0.9858219259142372,0.9525503964653438,0.9819243362657304,0.982997356897708,0.9865477928123397,0.9839046905203361,0.9849698212947257,0.9819243362657304,0.7893092429681644,0.8456507160045761,0.9109945165489763,0.9134324825436901,0.987147421989033,0.9834312990650519,0.9843070732573277,0.9995897274054203,0.9988559706497298,0.9956290188962089,0.9995897274054203,0.9996370665509487,0.9996133969781845,0.9996133969781845,0.9990453272318435,0.9900982287269715,0.9900982287269715,0.998761292358673,0.9988559706497298,0.9880784251844255,0.98769182216261
year_2018,0.9999368806412927,0.9998422016032317,0.9978539418039513,0.9979170611626585,0.9998343116833933,0.9854430978981253,1.0,0.9995029350501798,0.9634381114687874,0.9998343116833933,0.9508221296471628,0.9871709903427381,0.9518083696269646,0.9854273180584485,0.9847251151928297,0.9867922741904942,0.985056491826043,0.9841254812851101,0.9854273180584485,0.7891418923183741,0.8575711670769425,0.9212270403332702,0.9238701634791391,0.9881098908035094,0.9827920848324181,0.9834390582591681,0.9998343116833933,0.9996449536072713,0.996402196553683,0.9998343116833933,0.9998500915230701,0.9998422016032317,0.9998422016032317,0.9996528435271098,0.9900981506027898,0.9900981506027898,0.9996449536072713,0.9996449536072713,0.9881020008836711,0.9879599823265796
year_2019,0.9998271228527873,0.9993556397240252,0.9917726194031024,0.9918040516116865,0.9993163494632951,0.9834666582847443,1.0,0.9955444844331987,0.9685599333637178,0.9993163494632951,0.9447028870483585,0.9860126671800594,0.9437756368951264,0.9842210312907637,0.9834902324411825,0.9874114004620534,0.9858083578242626,0.9851718556004337,0.9842210312907637,0.792013075798771,0.8641814267079476,0.9202800609784847,0.9221659934935328,0.9876942903393107,0.9837966964748778,0.9839774316742366,0.9993163494632951,0.9980433450156375,0.9953558911816939,0.9993163494632951,0.9993949299847554,0.9993556397240252,0.9993556397240252,0.9984126734665011,0.9885193858146443,0.9885193858146443,0.9978547517641327,0.9980433450156375,0.9881107671030505,0.9875921356614122
year_2020,0.9998434503541935,0.9994677312042581,0.9951391334977104,0.9952878556612266,0.9994364212750969,0.9827090916206802,0.9999921725177097,0.9976908927243552,0.9692849594927792,0.9994364212750969,0.9401354154436226,0.9869202770928731,0.9398144886697194,0.9833744276153575,0.9838440765527768,0.9872725137959375,0.9842589331141638,0.9833744276153575,0.9833744276153575,0.7848303393213573,0.8507847050996047,0.90231302101679,0.9060075926578216,0.9879613322374858,0.9826934366560995,0.9826934366560995,0.9994364212750969,0.9985988806700324,0.9954757152361943,0.9994364212750969,0.9994912136511291,0.9994677312042581,0.9994677312042581,0.9987789127627099,0.9879769872020665,0.9879691597197762,0.9985049508825486,0.9985988806700324,0.988110054401002,0.9875856130875504
year_2021,0.9999685668034011,0.9998742672136043,0.9967780973486099,0.9968723969384067,0.9998664089144546,0.9802206610401245,1.0,0.9983183239819573,0.9718672890439594,0.9998664089144546,0.94252440001886,0.9874738711553271,0.9421864931554215,0.9855721627610919,0.984692033256322,0.9875445958476747,0.9858000534364342,0.9855485878636427,0.9855721627610919,0.7849733603658824,0.8546293240291072,0.9036808273217345,0.9051188960661355,0.9875445958476747,0.9840555110251937,0.9840555110251937,0.9998664089144546,0.9994892105552674,0.9966052147673158,0.9998664089144546,0.999882125512754,0.9998742672136043,0.9998742672136043,0.9996149433416631,0.9875445958476747,0.9875445958476747,0.9994263441620695,0.9994892105552674,0.9875445958476747,0.987418863061279
year_2022,0.9999209073508708,0.9997310849929607,0.9964487400540993,0.9965120141734027,0.9997152664631349,0.9859689640444818,0.9999920907350871,0.9983865099577646,0.9687425850641441,0.9997152664631349,0.9314029454102536,0.9867915275954253,0.9341632788648623,0.9863565180252147,0.9847825743075439,0.9867836183305123,0.9863565180252147,0.9867836183305123,0.9863565180252147,0.779537149817296,0.8663492415014948,0.9076830599364095,0.909383551892687,0.9880649192464053,0.9861034215480013,0.9861034215480013,0.9997152664631349,0.9992248920385339,0.9977300409699923,0.9997152664631349,0.9997469035227866,0.9997310849929607,0.9997310849929607,0.9993514402771406,0.9880728285113182,0.9880649192464053,0.9991616179192306,0.9992248920385339,0.9886027492604837,0.9883496527832704
year_2023,0.9999045619393014,0.9997136858179042,0.9969459820576446,0.9970096074314436,0.9996977794744544,0.988086148756124,1.0,0.9984809442005472,0.9694280078895463,0.9996977794744544,0.9271728065152383,0.9895177196666031,0.9265683654641471,0.9868852198256665,0.9866943437042692,0.9888576064134377,0.9868693134822167,0.985199147419991,0.9865989056435707,0.7851768785391614,0.8792629000445378,0.9030190239867659,0.9046653305338169,0.9900585353438951,0.9845231278233759,0.9845231278233759,0.9996977794744544,0.9992046828275116,0.9977094865432334,0.9996977794744544,0.9997295921613539,0.9997136858179042,0.9997136858179042,0.9993319335751097,0.9900585353438951,0.9900585353438951,0.9991410574537125,0.9992046828275116,0.9900187694852707,0.9897722211617993
year_2024,0.9998737692501893,0.9994950770007573,0.9941066018682151,0.9941697172431204,0.9994635193133047,0.9856096945215854,1.0,0.9968442312547336,0.971937326432719,0.9994635193133047,0.9263759151729362,0.9874163721282504,0.9256027518303459,0.9841501514768998,0.9849785407725322,0.9885287806109568,0.9848838677101742,0.9838030169149204,0.9824854834637717,0.7885398258015652,0.8752051249684423,0.9041750820499874,0.9055005049229993,0.9893571699065893,0.9814598586215602,0.9814598586215602,0.9994635193133047,0.9984852310022722,0.9964497601615754,0.9994635193133047,0.99952663468821,0.9994950770007573,0.9994950770007573,0.9987376925018935,0.9894202852814946,0.9894123958596314,0.9983590002524615,0.9984852310022722,0.990011991921232,0.9895544054531684
