,rows,flag_price_rate,flag_fund_rate,sector_missing_share
year_2000,125990.0,0.24671799349154694,0.3918803079609493,0.002000158742757362
year_2001,123993.0,0.34435008427895125,0.3903042913712871,0.0020001129095997354
year_2002,125993.0,0.08153627582484742,0.3466938639448223,0.002095354503821641
year_2003,125985.0,0.12082390760804858,0.32284795809024885,0.0020002381235861414
year_2004,126000.0,0.1597063492063492,0.30534126984126986,0.002
year_2005,125994.0,0.10971951045287871,0.2991332920615267,0.0020000952426306013
year_2006,125493.0,0.07099997609428414,0.3308152645964317,0.002000111560007331
year_2007,125489.0,0.043501820876730234,0.3277657802675932,0.002000175314170963
year_2008,126477.0,0.05327450840864347,0.3185085035223796,0.002000363702491362
year_2009,125991.0,0.05362287782460652,0.30159297092649473,0.0020001428673476675
year_2010,125996.0,0.05124765865583034,0.2920568906949427,0.002000063494079177
year_2011,125998.0,0.041865743900696833,0.2815203415927237,0.0020000317465356594
year_2012,124992.0,0.03758640552995392,0.2714573732718894,0.0020001280081925242
year_2013,125997.0,0.042008936720715574,0.28646713810646285,0.0020000476201814327
year_2014,126290.0,0.04952094385937129,0.2849473434159474,0.00429962784068414
year_2015,126687.0,0.05357297907441174,0.28598830187785645,0.007569837473458208
year_2016,127192.0,0.052424680797534436,0.2984700295616077,0.011376501666771495
year_2017,126745.0,0.04619511617815299,0.3001459623653793,0.011921574815574579
year_2018,126744.0,0.03802152370131919,0.30101622167518777,0.011897999116328979
year_2019,127258.0,0.035400524917883355,0.2947162457370067,0.011889232896949504
year_2020,127755.0,0.03468357402841376,0.30254784548549957,0.011889945598998083
year_2021,127254.0,0.031393905103179465,0.2985132098008707,0.01245540415232527
year_2022,126434.0,0.033250549693911446,0.30133508391730074,0.011397250739516269
year_2023,125736.0,0.032560285041674616,0.28644938601514286,0.009981230514729274
year_2024,126752.0,0.029498548346377176,0.29064630143903053,0.009988008078767988
