part,k,depth,first_width,batch,device,impl,threads,dropout,widths,trainable_weights,steps_per_s,rows_per_s,gflops_per_s,ms_per_step,processes,aggregate_steps_per_s,mean_steps_per_s_per_process,min_steps_per_s_per_process,aggregate_gflops_per_s
A_grid,2,1,32,1024,cpu,looped,1,0.05,32,3778,1696.65,1737368,26.707,0.589,,,,,
A_grid,2,1,32,4096,cpu,looped,1,0.05,32,3778,654.67,2681537,41.221,1.527,,,,,
A_grid,2,1,64,1024,cpu,looped,1,0.05,64,7554,1335.42,1367468,42.025,0.749,,,,,
A_grid,2,1,64,4096,cpu,looped,1,0.05,64,7554,428.03,1753193,53.879,2.336,,,,,
A_grid,2,1,128,1024,cpu,looped,1,0.05,128,15106,917.42,939441,57.731,1.09,,,,,
A_grid,2,1,128,4096,cpu,looped,1,0.05,128,15106,271.97,1113992,68.457,3.677,,,,,
A_grid,2,1,256,1024,cpu,looped,1,0.05,256,30210,539.48,552429,67.889,1.854,,,,,
A_grid,2,1,256,4096,cpu,looped,1,0.05,256,30210,157.55,645328,79.306,6.347,,,,,
A_grid,2,2,32,1024,cpu,looped,1,0.05,32-16,4802,1316.14,1347728,28.998,0.76,,,,,
A_grid,2,2,32,4096,cpu,looped,1,0.05,32-16,4802,509.82,2088230,44.93,1.961,,,,,
A_grid,2,2,64,1024,cpu,looped,1,0.05,64-32,11650,996.39,1020305,56.431,1.004,,,,,
A_grid,2,2,64,4096,cpu,looped,1,0.05,64-32,11650,338.78,1387648,76.748,2.952,,,,,
A_grid,2,2,128,1024,cpu,looped,1,0.05,128-64,31490,648.29,663845,106.053,1.543,,,,,
A_grid,2,2,128,4096,cpu,looped,1,0.05,128-64,31490,192.24,787421,125.795,5.202,,,,,
A_grid,2,2,256,1024,cpu,looped,1,0.05,256-128,95746,373.34,382299,197.308,2.679,,,,,
A_grid,2,2,256,4096,cpu,looped,1,0.05,256-128,95746,103.59,424307,218.988,9.653,,,,,
A_grid,2,3,32,1024,cpu,looped,1,0.05,32-16-8,5058,1146.1,1173611,27.054,0.873,,,,,
A_grid,2,3,32,4096,cpu,looped,1,0.05,32-16-8,5058,443.16,1815170,41.843,2.257,,,,,
A_grid,2,3,64,1024,cpu,looped,1,0.05,64-32-16,12674,852.11,872563,53.621,1.174,,,,,
A_grid,2,3,64,4096,cpu,looped,1,0.05,64-32-16,12674,289.95,1187646,72.983,3.449,,,,,
A_grid,2,3,128,1024,cpu,looped,1,0.05,128-64-32,35586,558.72,572129,105.462,1.79,,,,,
A_grid,2,3,128,4096,cpu,looped,1,0.05,128-64-32,35586,168.33,689490,127.095,5.941,,,,,
A_grid,2,3,256,1024,cpu,looped,1,0.05,256-128-64,112130,311.11,318580,195.74,3.214,,,,,
A_grid,2,3,256,4096,cpu,looped,1,0.05,256-128-64,112130,90.47,370571,227.683,11.053,,,,,
A_grid,3,1,32,1024,cpu,looped,1,0.05,32,5667,1323.47,1355236,31.249,0.756,,,,,
A_grid,3,1,32,4096,cpu,looped,1,0.05,32,5667,496.03,2031731,46.848,2.016,,,,,
A_grid,3,1,64,1024,cpu,looped,1,0.05,64,11331,977.54,1001004,46.144,1.023,,,,,
A_grid,3,1,64,4096,cpu,looped,1,0.05,64,11331,314.76,1289252,59.432,3.177,,,,,
A_grid,3,1,128,1024,cpu,looped,1,0.05,128,22659,654.85,670562,61.811,1.527,,,,,
A_grid,3,1,128,4096,cpu,looped,1,0.05,128,22659,190.84,781678,72.054,5.24,,,,,
A_grid,3,1,256,1024,cpu,looped,1,0.05,256,45315,380.46,389596,71.817,2.628,,,,,
A_grid,3,1,256,4096,cpu,looped,1,0.05,256,45315,107.51,440359,81.175,9.302,,,,,
A_grid,3,2,32,1024,cpu,looped,1,0.05,32-16,7203,986.88,1010568,32.615,1.013,,,,,
A_grid,3,2,32,4096,cpu,looped,1,0.05,32-16,7203,370.12,1516000,48.927,2.702,,,,,
A_grid,3,2,64,1024,cpu,looped,1,0.05,64-32,17475,725.56,742974,61.639,1.378,,,,,
A_grid,3,2,64,4096,cpu,looped,1,0.05,64-32,17475,238.44,976670,81.027,4.194,,,,,
A_grid,3,2,128,1024,cpu,looped,1,0.05,128-64,47235,451.12,461948,110.698,2.217,,,,,
A_grid,3,2,128,4096,cpu,looped,1,0.05,128-64,47235,132.37,542193,129.928,7.555,,,,,
A_grid,3,2,256,1024,cpu,looped,1,0.05,256-128,143619,252.9,258972,200.486,3.954,,,,,
A_grid,3,2,256,4096,cpu,looped,1,0.05,256-128,143619,70.48,288675,223.482,14.189,,,,,
A_grid,3,3,32,1024,cpu,looped,1,0.05,32-16-8,7587,837.43,857530,29.652,1.194,,,,,
A_grid,3,3,32,4096,cpu,looped,1,0.05,32-16-8,7587,317.91,1302141,45.025,3.146,,,,,
A_grid,3,3,64,1024,cpu,looped,1,0.05,64-32-16,19011,610.25,624891,57.601,1.639,,,,,
A_grid,3,3,64,4096,cpu,looped,1,0.05,64-32-16,19011,201.2,824117,75.965,4.97,,,,,
A_grid,3,3,128,1024,cpu,looped,1,0.05,128-64-32,53379,388.41,397733,109.972,2.575,,,,,
A_grid,3,3,128,4096,cpu,looped,1,0.05,128-64-32,53379,114.54,469157,129.721,8.731,,,,,
A_grid,3,3,256,1024,cpu,looped,1,0.05,256-128-64,168195,211.18,216250,199.3,4.735,,,,,
A_grid,3,3,256,4096,cpu,looped,1,0.05,256-128-64,168195,60.53,247935,228.501,16.52,,,,,
A_grid,4,1,32,1024,cpu,looped,1,0.05,32,7556,1079.23,1105130,33.976,0.927,,,,,
A_grid,4,1,32,4096,cpu,looped,1,0.05,32,7556,398.13,1630746,50.136,2.512,,,,,
A_grid,4,1,64,1024,cpu,looped,1,0.05,64,15108,781.73,800490,49.201,1.279,,,,,
A_grid,4,1,64,4096,cpu,looped,1,0.05,64,15108,248.4,1017446,62.536,4.026,,,,,
A_grid,4,1,128,1024,cpu,looped,1,0.05,128,30212,515.42,527789,64.867,1.94,,,,,
A_grid,4,1,128,4096,cpu,looped,1,0.05,128,30212,146.92,601772,73.96,6.807,,,,,
A_grid,4,1,256,1024,cpu,looped,1,0.05,256,60420,292.0,299005,73.491,3.425,,,,,
A_grid,4,1,256,4096,cpu,looped,1,0.05,256,60420,81.38,333345,81.931,12.288,,,,,
A_grid,4,2,32,1024,cpu,looped,1,0.05,32-16,9604,788.04,806952,34.725,1.269,,,,,
A_grid,4,2,32,4096,cpu,looped,1,0.05,32-16,9604,288.47,1181583,50.846,3.467,,,,,
A_grid,4,2,64,1024,cpu,looped,1,0.05,64-32,23300,569.82,583500,64.544,1.755,,,,,
A_grid,4,2,64,4096,cpu,looped,1,0.05,64-32,23300,182.74,748492,82.795,5.472,,,,,
A_grid,4,2,128,1024,cpu,looped,1,0.05,128-64,62980,345.37,353654,112.997,2.895,,,,,
A_grid,4,2,128,4096,cpu,looped,1,0.05,128-64,62980,100.89,413259,132.041,9.911,,,,,
A_grid,4,2,256,1024,cpu,looped,1,0.05,256-128,191492,189.49,194037,200.288,5.277,,,,,
A_grid,4,2,256,4096,cpu,looped,1,0.05,256-128,191492,53.3,218310,225.343,18.762,,,,,
A_grid,4,3,32,1024,cpu,looped,1,0.05,32-16-8,10116,663.61,679535,31.329,1.507,,,,,
A_grid,4,3,32,4096,cpu,looped,1,0.05,32-16-8,10116,249.42,1021643,47.102,4.009,,,,,
A_grid,4,3,64,1024,cpu,looped,1,0.05,64-32-16,25348,478.64,490130,60.239,2.089,,,,,
A_grid,4,3,64,4096,cpu,looped,1,0.05,64-32-16,25348,155.34,636263,78.199,6.438,,,,,
A_grid,4,3,128,1024,cpu,looped,1,0.05,128-64-32,71172,295.27,302358,111.468,3.387,,,,,
A_grid,4,3,128,4096,cpu,looped,1,0.05,128-64-32,71172,87.39,357935,131.958,11.443,,,,,
A_grid,4,3,256,1024,cpu,looped,1,0.05,256-128-64,224260,159.74,163576,201.006,6.26,,,,,
A_grid,4,3,256,4096,cpu,looped,1,0.05,256-128-64,224260,46.13,188943,232.178,21.678,,,,,
B_threads,3,2,64,4096,cpu,looped,1,0.05,64-32,17475,236.68,969457,80.428,4.225,,,,,
B_threads,3,2,64,4096,cpu,looped,2,0.05,64-32,17475,239.78,982152,81.481,4.17,,,,,
B_threads,3,2,64,4096,cpu,looped,4,0.05,64-32,17475,244.01,999474,82.918,4.098,,,,,
B_threads,3,2,64,4096,cpu,looped,8,0.05,64-32,17475,212.26,869437,72.13,4.711,,,,,
C_parallel,3,2,64,4096,cpu,looped,1,0.05,,,,,,,1,235.94,235.94,235.94,80.176
C_parallel,3,2,64,4096,cpu,looped,1,0.05,,,,,,,2,412.95,206.47,206.42,140.326
C_parallel,3,2,64,4096,cpu,looped,1,0.05,,,,,,,4,746.4,186.6,186.21,253.634
C_parallel,3,2,64,4096,cpu,looped,1,0.05,,,,,,,10,1622.33,162.23,161.66,551.289
C_parallel,3,2,64,4096,cpu,looped,1,0.05,,,,,,,14,1802.43,128.75,122.26,612.485
C_parallel,4,3,256,4096,cpu,looped,1,0.05,,,,,,,10,251.82,25.18,24.29,1267.537
D_mps,3,1,64,1024,mps,looped,1,0.05,64,11331,616.1,630888,29.083,1.623,,,,,
D_mps,3,1,64,4096,mps,looped,1,0.05,64,11331,607.87,2489845,114.777,1.645,,,,,
D_mps,3,1,64,16384,mps,looped,1,0.05,64,11331,597.39,9787701,451.193,1.674,,,,,
D_mps,3,1,256,1024,mps,looped,1,0.05,256,45315,590.49,604661,111.462,1.694,,,,,
D_mps,3,1,256,4096,mps,looped,1,0.05,256,45315,589.06,2412804,444.771,1.698,,,,,
D_mps,3,1,256,16384,mps,looped,1,0.05,256,45315,184.66,3025493,557.713,5.415,,,,,
D_mps,3,3,64,1024,mps,looped,1,0.05,64-32-16,19011,327.62,335484,30.924,3.052,,,,,
D_mps,3,3,64,4096,mps,looped,1,0.05,64-32-16,19011,322.4,1320532,121.724,3.102,,,,,
D_mps,3,3,64,16384,mps,looped,1,0.05,64-32-16,19011,322.03,5276137,486.344,3.105,,,,,
D_mps,3,3,256,1024,mps,looped,1,0.05,256-128-64,168195,323.86,331636,305.642,3.088,,,,,
D_mps,3,3,256,4096,mps,looped,1,0.05,256-128-64,168195,323.44,1324806,1220.965,3.092,,,,,
D_mps,3,3,256,16384,mps,looped,1,0.05,256-128-64,168195,102.48,1679022,1547.417,9.758,,,,,
E_batched,2,1,64,4096,cpu,batched,1,0.05,64,7554,435.28,1782910,54.792,2.297,,,,,
E_batched,2,2,64,4096,cpu,batched,1,0.05,64-32,11650,334.25,1369071,75.721,2.992,,,,,
E_batched,2,3,64,4096,cpu,batched,1,0.05,64-32-16,12674,298.46,1222495,75.125,3.351,,,,,
E_batched,3,1,64,4096,cpu,batched,1,0.05,64,11331,323.15,1323611,61.016,3.095,,,,,
E_batched,3,2,64,4096,cpu,batched,1,0.05,64-32,17475,241.28,988292,81.991,4.145,,,,,
E_batched,3,3,64,4096,cpu,batched,1,0.05,64-32-16,19011,212.06,868607,80.066,4.716,,,,,
E_batched,4,1,64,4096,cpu,batched,1,0.05,64,15108,257.11,1053125,64.729,3.889,,,,,
E_batched,4,2,64,4096,cpu,batched,1,0.05,64-32,23300,189.01,774184,85.637,5.291,,,,,
E_batched,4,3,64,4096,cpu,batched,1,0.05,64-32-16,25348,165.24,676803,83.182,6.052,,,,,
